Enter password: 
-- MySQL dump 10.13  Distrib 8.0.40, for Linux (x86_64)
--
-- Host: localhost    Database: tech_for_good
-- ------------------------------------------------------
-- Server version	8.0.40

/*!40101 SET @OLD_CHARACTER_SET_CLIENT=@@CHARACTER_SET_CLIENT */;
/*!40101 SET @OLD_CHARACTER_SET_RESULTS=@@CHARACTER_SET_RESULTS */;
/*!40101 SET @OLD_COLLATION_CONNECTION=@@COLLATION_CONNECTION */;
/*!50503 SET NAMES utf8mb4 */;
/*!40103 SET @OLD_TIME_ZONE=@@TIME_ZONE */;
/*!40103 SET TIME_ZONE='+00:00' */;
/*!40014 SET @OLD_UNIQUE_CHECKS=@@UNIQUE_CHECKS, UNIQUE_CHECKS=0 */;
/*!40014 SET @OLD_FOREIGN_KEY_CHECKS=@@FOREIGN_KEY_CHECKS, FOREIGN_KEY_CHECKS=0 */;
/*!40101 SET @OLD_SQL_MODE=@@SQL_MODE, SQL_MODE='NO_AUTO_VALUE_ON_ZERO' */;
/*!40111 SET @OLD_SQL_NOTES=@@SQL_NOTES, SQL_NOTES=0 */;

--
-- Table structure for table `campanha`
--

DROP TABLE IF EXISTS `campanha`;
/*!40101 SET @saved_cs_client     = @@character_set_client */;
/*!50503 SET character_set_client = utf8mb4 */;
CREATE TABLE `campanha` (
  `id` int NOT NULL AUTO_INCREMENT,
  `criado_em` datetime(6) DEFAULT NULL,
  `modificado_em` datetime(6) DEFAULT NULL,
  `data_campanha` date DEFAULT NULL,
  `local_campanha` varchar(255) DEFAULT NULL,
  `meta` int DEFAULT NULL,
  `qtd_arrecadada` int DEFAULT NULL,
  `produto_id` int DEFAULT NULL,
  `tipo_campanha_id_tipo_campanha` int DEFAULT NULL,
  PRIMARY KEY (`id`),
  KEY `FK3s9vhoil5vmm7bw7f7q9xq01h` (`produto_id`),
  KEY `FKbka7xa1vw3kb7owd2s5bphope` (`tipo_campanha_id_tipo_campanha`),
  CONSTRAINT `FK3s9vhoil5vmm7bw7f7q9xq01h` FOREIGN KEY (`produto_id`) REFERENCES `produto` (`id`),
  CONSTRAINT `FKbka7xa1vw3kb7owd2s5bphope` FOREIGN KEY (`tipo_campanha_id_tipo_campanha`) REFERENCES `tipo_campanha` (`id_tipo_campanha`)
) ENGINE=InnoDB AUTO_INCREMENT=9 DEFAULT CHARSET=utf8mb4 COLLATE=utf8mb4_0900_ai_ci;
/*!40101 SET character_set_client = @saved_cs_client */;

--
-- Dumping data for table `campanha`
--

LOCK TABLES `campanha` WRITE;
/*!40000 ALTER TABLE `campanha` DISABLE KEYS */;
INSERT INTO `campanha` VALUES (1,'2024-11-14 20:22:35.377334',NULL,'2024-11-14','Escola Viva',54,123,1,1),(2,'2024-11-14 20:22:59.165652',NULL,'2024-10-17','Escola Viva',20,56,1,1),(3,'2024-11-14 20:42:18.489947',NULL,'2024-09-18','Escola Viva',30,55,1,1),(4,'2024-11-14 20:42:33.903842',NULL,'2024-08-06','Escola Viva',20,36,1,1),(5,'2024-11-14 21:01:00.274548',NULL,'2024-06-12','Escola Futuro',100,10,1,1),(6,'2024-11-14 21:01:13.922295',NULL,'2024-09-11','Escola Futuro',54,10,1,1),(7,'2024-11-14 21:02:36.930265',NULL,'2024-10-14','Escola Futuro',100,94,1,1),(8,'2024-11-19 20:09:36.511256',NULL,'2024-11-04','Escola Viva',2,34,1,1);
/*!40000 ALTER TABLE `campanha` ENABLE KEYS */;
UNLOCK TABLES;

--
-- Table structure for table `cesta`
--

DROP TABLE IF EXISTS `cesta`;
/*!40101 SET @saved_cs_client     = @@character_set_client */;
/*!50503 SET character_set_client = utf8mb4 */;
CREATE TABLE `cesta` (
  `id` int NOT NULL AUTO_INCREMENT,
  `criado_em` datetime(6) DEFAULT NULL,
  `modificado_em` datetime(6) DEFAULT NULL,
  `data_montagem` date DEFAULT NULL,
  `lote` varchar(255) DEFAULT NULL,
  `tipo_cesta_id` int DEFAULT NULL,
  PRIMARY KEY (`id`),
  KEY `FKio679tylghsreicb7kv5ekb23` (`tipo_cesta_id`),
  CONSTRAINT `FKio679tylghsreicb7kv5ekb23` FOREIGN KEY (`tipo_cesta_id`) REFERENCES `tipo_cesta` (`id`)
) ENGINE=InnoDB AUTO_INCREMENT=3 DEFAULT CHARSET=utf8mb4 COLLATE=utf8mb4_0900_ai_ci;
/*!40101 SET character_set_client = @saved_cs_client */;

--
-- Dumping data for table `cesta`
--

LOCK TABLES `cesta` WRITE;
/*!40000 ALTER TABLE `cesta` DISABLE KEYS */;
INSERT INTO `cesta` VALUES (1,'2024-11-14 20:49:25.232156',NULL,'2024-11-13','A',1),(2,'2024-11-14 20:49:43.035424',NULL,'2024-11-07','B',1);
/*!40000 ALTER TABLE `cesta` ENABLE KEYS */;
UNLOCK TABLES;

--
-- Table structure for table `condominio`
--

DROP TABLE IF EXISTS `condominio`;
/*!40101 SET @saved_cs_client     = @@character_set_client */;
/*!50503 SET character_set_client = utf8mb4 */;
CREATE TABLE `condominio` (
  `id` int NOT NULL AUTO_INCREMENT,
  `criado_em` datetime(6) DEFAULT NULL,
  `modificado_em` datetime(6) DEFAULT NULL,
  `nome` varchar(255) DEFAULT NULL,
  `endereco_id` int DEFAULT NULL,
  PRIMARY KEY (`id`),
  KEY `FKmrvh8yxjkt48fs0mdqu1hkd8f` (`endereco_id`),
  CONSTRAINT `FKmrvh8yxjkt48fs0mdqu1hkd8f` FOREIGN KEY (`endereco_id`) REFERENCES `endereco` (`id`)
) ENGINE=InnoDB AUTO_INCREMENT=5 DEFAULT CHARSET=utf8mb4 COLLATE=utf8mb4_0900_ai_ci;
/*!40101 SET character_set_client = @saved_cs_client */;

--
-- Dumping data for table `condominio`
--

LOCK TABLES `condominio` WRITE;
/*!40000 ALTER TABLE `condominio` DISABLE KEYS */;
INSERT INTO `condominio` VALUES (1,'2024-11-14 00:23:52.098154',NULL,'Condominio Azul',1),(2,'2024-11-14 20:43:44.120322',NULL,'Condominio Vermelho',2),(3,'2024-11-14 20:44:30.567049',NULL,'Condominio Verde',3),(4,'2024-11-14 21:14:57.104254',NULL,'Projeto Viver',4);
/*!40000 ALTER TABLE `condominio` ENABLE KEYS */;
UNLOCK TABLES;

--
-- Table structure for table `endereco`
--

DROP TABLE IF EXISTS `endereco`;
/*!40101 SET @saved_cs_client     = @@character_set_client */;
/*!50503 SET character_set_client = utf8mb4 */;
CREATE TABLE `endereco` (
  `id` int NOT NULL AUTO_INCREMENT,
  `criado_em` datetime(6) DEFAULT NULL,
  `modificado_em` datetime(6) DEFAULT NULL,
  `bairro` varchar(255) DEFAULT NULL,
  `cep` varchar(255) DEFAULT NULL,
  `logradouro` varchar(255) DEFAULT NULL,
  `numero` varchar(255) DEFAULT NULL,
  PRIMARY KEY (`id`)
) ENGINE=InnoDB AUTO_INCREMENT=5 DEFAULT CHARSET=utf8mb4 COLLATE=utf8mb4_0900_ai_ci;
/*!40101 SET character_set_client = @saved_cs_client */;

--
-- Dumping data for table `endereco`
--

LOCK TABLES `endereco` WRITE;
/*!40000 ALTER TABLE `endereco` DISABLE KEYS */;
INSERT INTO `endereco` VALUES (1,'2024-11-14 00:23:52.021820',NULL,NULL,'06694750','Rua Jurupis','3'),(2,'2024-11-14 20:43:44.080717',NULL,NULL,'09941445','Rua Yayá','55'),(3,'2024-11-14 20:44:30.538576',NULL,NULL,'09260640','Rua Marco Aurélio','47'),(4,'2024-11-14 21:14:57.075996',NULL,NULL,'03015000','Avenida Celso Garcia','0');
/*!40000 ALTER TABLE `endereco` ENABLE KEYS */;
UNLOCK TABLES;

--
-- Table structure for table `historico_mudanca`
--

DROP TABLE IF EXISTS `historico_mudanca`;
/*!40101 SET @saved_cs_client     = @@character_set_client */;
/*!50503 SET character_set_client = utf8mb4 */;
CREATE TABLE `historico_mudanca` (
  `id` int NOT NULL AUTO_INCREMENT,
  `criado_em` datetime(6) DEFAULT NULL,
  `modificado_em` datetime(6) DEFAULT NULL,
  `data_hora` date DEFAULT NULL,
  `fk_usuario` int DEFAULT NULL,
  PRIMARY KEY (`id`),
  KEY `FK4od9118l7w9emuaqlfny16sjl` (`fk_usuario`),
  CONSTRAINT `FK4od9118l7w9emuaqlfny16sjl` FOREIGN KEY (`fk_usuario`) REFERENCES `usuario` (`id`)
) ENGINE=InnoDB DEFAULT CHARSET=utf8mb4 COLLATE=utf8mb4_0900_ai_ci;
/*!40101 SET character_set_client = @saved_cs_client */;

--
-- Dumping data for table `historico_mudanca`
--

LOCK TABLES `historico_mudanca` WRITE;
/*!40000 ALTER TABLE `historico_mudanca` DISABLE KEYS */;
/*!40000 ALTER TABLE `historico_mudanca` ENABLE KEYS */;
UNLOCK TABLES;

--
-- Table structure for table `metrica`
--

DROP TABLE IF EXISTS `metrica`;
/*!40101 SET @saved_cs_client     = @@character_set_client */;
/*!50503 SET character_set_client = utf8mb4 */;
CREATE TABLE `metrica` (
  `id` int NOT NULL AUTO_INCREMENT,
  `criado_em` datetime(6) DEFAULT NULL,
  `modificado_em` datetime(6) DEFAULT NULL,
  `alerta_vencimento` int DEFAULT NULL,
  `qtd_casas` int DEFAULT NULL,
  PRIMARY KEY (`id`)
) ENGINE=InnoDB DEFAULT CHARSET=utf8mb4 COLLATE=utf8mb4_0900_ai_ci;
/*!40101 SET character_set_client = @saved_cs_client */;

--
-- Dumping data for table `metrica`
--

LOCK TABLES `metrica` WRITE;
/*!40000 ALTER TABLE `metrica` DISABLE KEYS */;
/*!40000 ALTER TABLE `metrica` ENABLE KEYS */;
UNLOCK TABLES;

--
-- Table structure for table `origem`
--

DROP TABLE IF EXISTS `origem`;
/*!40101 SET @saved_cs_client     = @@character_set_client */;
/*!50503 SET character_set_client = utf8mb4 */;
CREATE TABLE `origem` (
  `id` int NOT NULL AUTO_INCREMENT,
  `criado_em` datetime(6) DEFAULT NULL,
  `modificado_em` datetime(6) DEFAULT NULL,
  `auta_de_souza_rua` int DEFAULT NULL,
  `itapora` int DEFAULT NULL,
  `campanha_id` int DEFAULT NULL,
  `condominio_id` int DEFAULT NULL,
  PRIMARY KEY (`id`),
  KEY `FK6yf8q1orr09fw76aoy70gl7g6` (`campanha_id`),
  KEY `FKrcnkom85yvicud76g9kj93xwj` (`condominio_id`),
  CONSTRAINT `FK6yf8q1orr09fw76aoy70gl7g6` FOREIGN KEY (`campanha_id`) REFERENCES `campanha` (`id`),
  CONSTRAINT `FKrcnkom85yvicud76g9kj93xwj` FOREIGN KEY (`condominio_id`) REFERENCES `condominio` (`id`)
) ENGINE=InnoDB AUTO_INCREMENT=7 DEFAULT CHARSET=utf8mb4 COLLATE=utf8mb4_0900_ai_ci;
/*!40101 SET character_set_client = @saved_cs_client */;

--
-- Dumping data for table `origem`
--

LOCK TABLES `origem` WRITE;
/*!40000 ALTER TABLE `origem` DISABLE KEYS */;
INSERT INTO `origem` VALUES (1,'2024-11-14 00:20:42.108514',NULL,1,0,NULL,NULL),(2,'2024-11-14 00:20:53.683181',NULL,0,1,NULL,NULL),(3,'2024-11-14 20:23:41.018332',NULL,0,0,NULL,1),(4,'2024-11-14 20:23:50.490110',NULL,0,0,1,NULL),(5,'2024-11-14 20:45:26.868125',NULL,0,0,NULL,2),(6,'2024-11-14 20:45:32.093156',NULL,0,0,NULL,3);
/*!40000 ALTER TABLE `origem` ENABLE KEYS */;
UNLOCK TABLES;

--
-- Table structure for table `produto`
--

DROP TABLE IF EXISTS `produto`;
/*!40101 SET @saved_cs_client     = @@character_set_client */;
/*!50503 SET character_set_client = utf8mb4 */;
CREATE TABLE `produto` (
  `id` int NOT NULL AUTO_INCREMENT,
  `criado_em` datetime(6) DEFAULT NULL,
  `modificado_em` datetime(6) DEFAULT NULL,
  `nome` varchar(255) DEFAULT NULL,
  `qtd_unidade_medida` int NOT NULL,
  `tipo_produto_id` int DEFAULT NULL,
  `unidade_medida_id` int DEFAULT NULL,
  PRIMARY KEY (`id`),
  KEY `FKewk0ju35x8ugkx7sq8cp1uufo` (`tipo_produto_id`),
  KEY `FKjr47qxuim8x2c4po42keccqdd` (`unidade_medida_id`),
  CONSTRAINT `FKewk0ju35x8ugkx7sq8cp1uufo` FOREIGN KEY (`tipo_produto_id`) REFERENCES `tipo_produto` (`id`),
  CONSTRAINT `FKjr47qxuim8x2c4po42keccqdd` FOREIGN KEY (`unidade_medida_id`) REFERENCES `unidade_medida` (`id`)
) ENGINE=InnoDB AUTO_INCREMENT=3 DEFAULT CHARSET=utf8mb4 COLLATE=utf8mb4_0900_ai_ci;
/*!40101 SET character_set_client = @saved_cs_client */;

--
-- Dumping data for table `produto`
--

LOCK TABLES `produto` WRITE;
/*!40000 ALTER TABLE `produto` DISABLE KEYS */;
INSERT INTO `produto` VALUES (1,'2024-11-14 00:16:28.065296',NULL,'Arroz',10,1,1);
/*!40000 ALTER TABLE `produto` ENABLE KEYS */;
UNLOCK TABLES;

--
-- Table structure for table `produto_cesta`
--

DROP TABLE IF EXISTS `produto_cesta`;
/*!40101 SET @saved_cs_client     = @@character_set_client */;
/*!50503 SET character_set_client = utf8mb4 */;
CREATE TABLE `produto_cesta` (
  `id` int NOT NULL AUTO_INCREMENT,
  `criado_em` datetime(6) DEFAULT NULL,
  `modificado_em` datetime(6) DEFAULT NULL,
  `qtd_produto` int DEFAULT NULL,
  `produto_id` int DEFAULT NULL,
  `tipo_cesta_id` int DEFAULT NULL,
  PRIMARY KEY (`id`),
  KEY `FK5iiw7hnnc1bn04efv7sx507fr` (`produto_id`),
  KEY `FKmda4cq35dlbytsx23nmkfnkeg` (`tipo_cesta_id`),
  CONSTRAINT `FK5iiw7hnnc1bn04efv7sx507fr` FOREIGN KEY (`produto_id`) REFERENCES `produto` (`id`),
  CONSTRAINT `FKmda4cq35dlbytsx23nmkfnkeg` FOREIGN KEY (`tipo_cesta_id`) REFERENCES `tipo_cesta` (`id`)
) ENGINE=InnoDB DEFAULT CHARSET=utf8mb4 COLLATE=utf8mb4_0900_ai_ci;
/*!40101 SET character_set_client = @saved_cs_client */;

--
-- Dumping data for table `produto_cesta`
--

LOCK TABLES `produto_cesta` WRITE;
/*!40000 ALTER TABLE `produto_cesta` DISABLE KEYS */;
/*!40000 ALTER TABLE `produto_cesta` ENABLE KEYS */;
UNLOCK TABLES;

--
-- Table structure for table `produto_unitario`
--

DROP TABLE IF EXISTS `produto_unitario`;
/*!40101 SET @saved_cs_client     = @@character_set_client */;
/*!50503 SET character_set_client = utf8mb4 */;
CREATE TABLE `produto_unitario` (
  `id` int NOT NULL AUTO_INCREMENT,
  `criado_em` datetime(6) DEFAULT NULL,
  `modificado_em` datetime(6) DEFAULT NULL,
  `ativo` bit(1) NOT NULL,
  `conforme` bit(1) NOT NULL,
  `data_validade` date DEFAULT NULL,
  `nome` varchar(255) DEFAULT NULL,
  `peso` double DEFAULT NULL,
  `vencido` bit(1) NOT NULL,
  `cesta_id` int DEFAULT NULL,
  `metrica_id` int DEFAULT NULL,
  `origem_id` int DEFAULT NULL,
  `produto_id` int DEFAULT NULL,
  `rota_id` int DEFAULT NULL,
  `unidade_medida_id` int DEFAULT NULL,
  PRIMARY KEY (`id`),
  KEY `FKnnkcai27agneqd8mdyl5y9bk2` (`cesta_id`),
  KEY `FKirt2en2o27xfkdgvrqll163r0` (`metrica_id`),
  KEY `FKf6alb3snb67rmemou95g7ydgc` (`origem_id`),
  KEY `FKhd96i7ytrfbymtc4bg9w9qd6o` (`produto_id`),
  KEY `FKe0wvgu76v5ll3k4wdnto6oql4` (`rota_id`),
  KEY `FK9prt9pccc77ci76lfwylix63j` (`unidade_medida_id`),
  CONSTRAINT `FK9prt9pccc77ci76lfwylix63j` FOREIGN KEY (`unidade_medida_id`) REFERENCES `unidade_medida` (`id`),
  CONSTRAINT `FKe0wvgu76v5ll3k4wdnto6oql4` FOREIGN KEY (`rota_id`) REFERENCES `rota` (`id`),
  CONSTRAINT `FKf6alb3snb67rmemou95g7ydgc` FOREIGN KEY (`origem_id`) REFERENCES `origem` (`id`),
  CONSTRAINT `FKhd96i7ytrfbymtc4bg9w9qd6o` FOREIGN KEY (`produto_id`) REFERENCES `produto` (`id`),
  CONSTRAINT `FKirt2en2o27xfkdgvrqll163r0` FOREIGN KEY (`metrica_id`) REFERENCES `metrica` (`id`),
  CONSTRAINT `FKnnkcai27agneqd8mdyl5y9bk2` FOREIGN KEY (`cesta_id`) REFERENCES `cesta` (`id`)
) ENGINE=InnoDB AUTO_INCREMENT=1135 DEFAULT CHARSET=utf8mb4 COLLATE=utf8mb4_0900_ai_ci;
/*!40101 SET character_set_client = @saved_cs_client */;

--
-- Dumping data for table `produto_unitario`
--

LOCK TABLES `produto_unitario` WRITE;
/*!40000 ALTER TABLE `produto_unitario` DISABLE KEYS */;
INSERT INTO `produto_unitario` VALUES (178,'2024-03-06 13:17:30.000000',NULL,_binary '\0',_binary '\0','2024-03-26','Arroz',NULL,_binary '\0',NULL,NULL,1,1,NULL,1),(179,'2024-12-17 19:25:53.000000',NULL,_binary '\0',_binary '\0','2024-12-25','Arroz',NULL,_binary '\0',NULL,NULL,2,1,NULL,1),(180,'2024-02-01 06:14:22.000000',NULL,_binary '\0',_binary '\0','2024-03-01','Arroz',NULL,_binary '\0',NULL,NULL,3,1,NULL,1),(181,'2024-07-20 15:23:13.000000',NULL,_binary '',_binary '','2024-08-01','Arroz',NULL,_binary '',NULL,NULL,3,1,NULL,1),(182,'2024-10-08 01:33:20.000000',NULL,_binary '\0',_binary '','2024-10-15','Arroz',NULL,_binary '\0',NULL,NULL,3,1,NULL,1),(183,'2024-10-29 23:26:12.000000',NULL,_binary '\0',_binary '\0','2024-11-01','Arroz',NULL,_binary '\0',NULL,NULL,2,1,NULL,1),(184,'2024-10-30 19:54:24.000000',NULL,_binary '',_binary '','2024-11-26','Arroz',NULL,_binary '\0',NULL,NULL,2,1,NULL,1),(185,'2024-07-08 20:01:34.000000',NULL,_binary '',_binary '','2024-07-09','Arroz',NULL,_binary '',NULL,NULL,2,1,NULL,1),(186,'2024-03-16 15:13:33.000000',NULL,_binary '',_binary '','2024-04-05','Arroz',NULL,_binary '',NULL,NULL,4,1,NULL,1),(187,'2024-01-13 17:06:32.000000',NULL,_binary '\0',_binary '\0','2024-01-28','Arroz',NULL,_binary '\0',NULL,NULL,1,1,NULL,1),(188,'2024-09-19 10:11:21.000000',NULL,_binary '',_binary '','2024-10-15','Arroz',NULL,_binary '',NULL,NULL,4,1,NULL,1),(189,'2024-05-23 12:22:17.000000',NULL,_binary '\0',_binary '\0','2024-06-20','Arroz',NULL,_binary '\0',NULL,NULL,2,1,NULL,1),(190,'2024-05-31 17:15:57.000000',NULL,_binary '\0',_binary '','2024-05-31','Arroz',NULL,_binary '\0',NULL,NULL,2,1,NULL,1),(191,'2024-04-15 14:56:36.000000',NULL,_binary '\0',_binary '\0','2024-04-18','Arroz',NULL,_binary '\0',NULL,NULL,2,1,NULL,1),(192,'2024-01-21 19:58:11.000000',NULL,_binary '',_binary '\0','2024-01-30','Arroz',NULL,_binary '',NULL,NULL,1,1,NULL,1),(193,'2024-01-03 11:10:09.000000',NULL,_binary '\0',_binary '\0','2024-01-27','Arroz',NULL,_binary '\0',NULL,NULL,3,1,NULL,1),(194,'2024-09-28 19:09:05.000000',NULL,_binary '',_binary '\0','2024-10-21','Arroz',NULL,_binary '',NULL,NULL,3,1,NULL,1),(195,'2024-12-06 16:47:18.000000',NULL,_binary '',_binary '\0','2025-01-03','Arroz',NULL,_binary '\0',NULL,NULL,3,1,NULL,1),(196,'2024-10-18 09:31:10.000000',NULL,_binary '',_binary '','2024-11-16','Arroz',NULL,_binary '',NULL,NULL,3,1,NULL,1),(197,'2024-06-11 04:24:00.000000',NULL,_binary '',_binary '\0','2024-06-12','Arroz',NULL,_binary '',NULL,NULL,1,1,NULL,1),(198,'2024-07-15 07:06:33.000000',NULL,_binary '',_binary '\0','2024-08-02','Arroz',NULL,_binary '',NULL,NULL,3,1,NULL,1),(199,'2024-08-22 03:24:29.000000',NULL,_binary '',_binary '\0','2024-08-25','Arroz',NULL,_binary '',NULL,NULL,1,1,NULL,1),(200,'2024-02-09 06:29:27.000000',NULL,_binary '\0',_binary '\0','2024-02-25','Arroz',NULL,_binary '\0',NULL,NULL,4,1,NULL,1),(201,'2024-06-13 18:34:19.000000',NULL,_binary '',_binary '\0','2024-07-03','Arroz',NULL,_binary '',NULL,NULL,3,1,NULL,1),(202,'2024-07-21 14:07:12.000000',NULL,_binary '\0',_binary '','2024-07-31','Arroz',NULL,_binary '\0',NULL,NULL,4,1,NULL,1),(203,'2024-12-20 11:00:59.000000',NULL,_binary '\0',_binary '','2025-01-03','Arroz',NULL,_binary '\0',NULL,NULL,4,1,NULL,1),(204,'2024-12-07 00:50:39.000000',NULL,_binary '\0',_binary '','2024-12-22','Arroz',NULL,_binary '\0',NULL,NULL,2,1,NULL,1),(205,'2024-05-09 15:38:04.000000',NULL,_binary '\0',_binary '','2024-05-21','Arroz',NULL,_binary '\0',NULL,NULL,1,1,NULL,1),(206,'2024-02-15 09:48:10.000000',NULL,_binary '',_binary '\0','2024-03-02','Arroz',NULL,_binary '',NULL,NULL,2,1,NULL,1),(207,'2024-04-02 03:30:29.000000',NULL,_binary '',_binary '\0','2024-04-05','Arroz',NULL,_binary '',NULL,NULL,2,1,NULL,1),(208,'2024-08-12 21:22:27.000000',NULL,_binary '',_binary '\0','2024-09-08','Arroz',NULL,_binary '',NULL,NULL,3,1,NULL,1),(209,'2024-03-09 03:43:03.000000',NULL,_binary '\0',_binary '','2024-03-19','Arroz',NULL,_binary '\0',NULL,NULL,4,1,NULL,1),(210,'2024-09-20 17:54:23.000000',NULL,_binary '',_binary '','2024-09-27','Arroz',NULL,_binary '',NULL,NULL,3,1,NULL,1),(211,'2024-11-19 19:54:45.000000',NULL,_binary '\0',_binary '','2024-11-27','Arroz',NULL,_binary '\0',NULL,NULL,3,1,NULL,1),(212,'2024-03-30 08:16:22.000000',NULL,_binary '',_binary '','2024-04-15','Arroz',NULL,_binary '',NULL,NULL,1,1,NULL,1),(213,'2024-10-14 15:41:07.000000',NULL,_binary '',_binary '','2024-10-17','Arroz',NULL,_binary '',NULL,NULL,4,1,NULL,1),(214,'2024-12-11 03:57:30.000000',NULL,_binary '',_binary '\0','2024-12-17','Arroz',NULL,_binary '\0',NULL,NULL,4,1,NULL,1),(215,'2024-04-27 05:09:12.000000',NULL,_binary '\0',_binary '','2024-05-03','Arroz',NULL,_binary '\0',NULL,NULL,2,1,NULL,1),(216,'2024-02-05 10:31:14.000000',NULL,_binary '',_binary '\0','2024-02-12','Arroz',NULL,_binary '',NULL,NULL,3,1,NULL,1),(217,'2024-09-01 07:01:33.000000',NULL,_binary '\0',_binary '\0','2024-09-19','Arroz',NULL,_binary '\0',NULL,NULL,4,1,NULL,1),(218,'2024-10-22 05:39:33.000000',NULL,_binary '',_binary '\0','2024-11-19','Arroz',NULL,_binary '',NULL,NULL,3,1,NULL,1),(219,'2024-02-29 00:27:43.000000',NULL,_binary '',_binary '','2024-03-02','Arroz',NULL,_binary '',NULL,NULL,3,1,NULL,1),(220,'2024-05-16 06:27:49.000000',NULL,_binary '\0',_binary '\0','2024-06-12','Arroz',NULL,_binary '\0',NULL,NULL,3,1,NULL,1),(221,'2024-05-24 02:15:36.000000',NULL,_binary '\0',_binary '\0','2024-06-16','Arroz',NULL,_binary '\0',NULL,NULL,2,1,NULL,1),(222,'2024-02-28 07:32:37.000000',NULL,_binary '\0',_binary '','2024-03-07','Arroz',NULL,_binary '\0',NULL,NULL,4,1,NULL,1),(223,'2024-04-21 01:30:00.000000',NULL,_binary '\0',_binary '','2024-05-12','Arroz',NULL,_binary '\0',NULL,NULL,2,1,NULL,1),(224,'2024-04-11 12:15:06.000000',NULL,_binary '',_binary '\0','2024-04-16','Arroz',NULL,_binary '',NULL,NULL,4,1,NULL,1),(225,'2024-04-04 23:38:07.000000',NULL,_binary '\0',_binary '','2024-04-17','Arroz',NULL,_binary '\0',NULL,NULL,4,1,NULL,1),(226,'2024-06-22 11:02:43.000000',NULL,_binary '',_binary '','2024-07-01','Arroz',NULL,_binary '',NULL,NULL,3,1,NULL,1),(227,'2024-02-07 16:33:02.000000',NULL,_binary '\0',_binary '','2024-02-27','Arroz',NULL,_binary '\0',NULL,NULL,3,1,NULL,1),(228,'2024-11-30 18:55:41.000000',NULL,_binary '\0',_binary '','2024-12-11','Arroz',NULL,_binary '\0',NULL,NULL,1,1,NULL,1),(229,'2024-10-02 05:07:25.000000',NULL,_binary '',_binary '\0','2024-10-15','Arroz',NULL,_binary '',NULL,NULL,1,1,NULL,1),(230,'2024-03-26 19:54:37.000000',NULL,_binary '\0',_binary '','2024-04-05','Arroz',NULL,_binary '\0',NULL,NULL,3,1,NULL,1),(231,'2024-09-26 00:13:45.000000',NULL,_binary '',_binary '\0','2024-10-01','Arroz',NULL,_binary '',NULL,NULL,2,1,NULL,1),(232,'2024-11-11 21:08:00.000000',NULL,_binary '',_binary '\0','2024-12-01','Arroz',NULL,_binary '\0',NULL,NULL,1,1,NULL,1),(233,'2024-06-20 01:19:44.000000',NULL,_binary '',_binary '\0','2024-06-27','Arroz',NULL,_binary '',NULL,NULL,4,1,NULL,1),(234,'2024-03-01 10:55:12.000000',NULL,_binary '',_binary '','2024-03-10','Arroz',NULL,_binary '',NULL,NULL,1,1,NULL,1),(235,'2024-03-31 02:23:30.000000',NULL,_binary '',_binary '\0','2024-04-02','Arroz',NULL,_binary '',NULL,NULL,4,1,NULL,1),(236,'2024-07-03 16:52:06.000000',NULL,_binary '',_binary '','2024-07-15','Arroz',NULL,_binary '',NULL,NULL,2,1,NULL,1),(237,'2024-10-05 14:59:52.000000',NULL,_binary '',_binary '\0','2024-11-03','Arroz',NULL,_binary '',NULL,NULL,1,1,NULL,1),(238,'2024-04-17 07:33:44.000000',NULL,_binary '',_binary '','2024-05-01','Arroz',NULL,_binary '',NULL,NULL,4,1,NULL,1),(239,'2024-12-10 01:59:55.000000',NULL,_binary '',_binary '','2024-12-29','Arroz',NULL,_binary '\0',NULL,NULL,1,1,NULL,1),(240,'2024-11-04 18:33:08.000000',NULL,_binary '\0',_binary '\0','2024-11-22','Arroz',NULL,_binary '\0',NULL,NULL,1,1,NULL,1),(241,'2024-11-08 20:23:09.000000',NULL,_binary '',_binary '','2024-11-13','Arroz',NULL,_binary '',NULL,NULL,2,1,NULL,1),(242,'2024-03-07 21:22:05.000000',NULL,_binary '',_binary '','2024-03-23','Arroz',NULL,_binary '',NULL,NULL,1,1,NULL,1),(243,'2024-07-07 20:45:01.000000',NULL,_binary '',_binary '\0','2024-07-07','Arroz',NULL,_binary '',NULL,NULL,2,1,NULL,1),(244,'2024-04-21 17:20:18.000000',NULL,_binary '',_binary '\0','2024-05-04','Arroz',NULL,_binary '',NULL,NULL,2,1,NULL,1),(245,'2024-01-06 06:51:08.000000',NULL,_binary '\0',_binary '\0','2024-01-08','Arroz',NULL,_binary '\0',NULL,NULL,2,1,NULL,1),(246,'2024-06-14 05:07:14.000000',NULL,_binary '',_binary '','2024-06-25','Arroz',NULL,_binary '',NULL,NULL,2,1,NULL,1),(247,'2024-02-19 21:16:21.000000',NULL,_binary '\0',_binary '\0','2024-02-25','Arroz',NULL,_binary '\0',NULL,NULL,4,1,NULL,1),(248,'2024-02-12 07:22:53.000000',NULL,_binary '\0',_binary '\0','2024-02-25','Arroz',NULL,_binary '\0',NULL,NULL,1,1,NULL,1),(249,'2024-11-18 16:10:59.000000',NULL,_binary '',_binary '','2024-12-12','Arroz',NULL,_binary '\0',NULL,NULL,1,1,NULL,1),(250,'2024-09-18 21:43:25.000000',NULL,_binary '\0',_binary '\0','2024-10-11','Arroz',NULL,_binary '\0',NULL,NULL,2,1,NULL,1),(251,'2024-04-19 12:30:06.000000',NULL,_binary '',_binary '','2024-05-11','Arroz',NULL,_binary '',NULL,NULL,4,1,NULL,1),(252,'2024-02-05 20:36:46.000000',NULL,_binary '\0',_binary '\0','2024-02-09','Arroz',NULL,_binary '\0',NULL,NULL,2,1,NULL,1),(253,'2024-10-17 15:09:26.000000',NULL,_binary '',_binary '','2024-11-02','Arroz',NULL,_binary '',NULL,NULL,4,1,NULL,1),(254,'2024-03-15 17:35:09.000000',NULL,_binary '\0',_binary '\0','2024-03-20','Arroz',NULL,_binary '\0',NULL,NULL,3,1,NULL,1),(255,'2024-12-11 15:27:11.000000',NULL,_binary '\0',_binary '','2024-12-30','Arroz',NULL,_binary '\0',NULL,NULL,2,1,NULL,1),(256,'2024-10-13 21:30:30.000000',NULL,_binary '\0',_binary '','2024-10-24','Arroz',NULL,_binary '\0',NULL,NULL,1,1,NULL,1),(257,'2024-03-18 19:56:13.000000',NULL,_binary '',_binary '\0','2024-04-16','Arroz',NULL,_binary '',NULL,NULL,3,1,NULL,1),(258,'2024-01-10 08:07:24.000000',NULL,_binary '',_binary '\0','2024-01-24','Arroz',NULL,_binary '',NULL,NULL,2,1,NULL,1),(259,'2024-10-31 09:09:35.000000',NULL,_binary '\0',_binary '','2024-11-05','Arroz',NULL,_binary '\0',NULL,NULL,2,1,NULL,1),(260,'2024-01-20 06:52:08.000000',NULL,_binary '\0',_binary '\0','2024-02-08','Arroz',NULL,_binary '\0',NULL,NULL,3,1,NULL,1),(261,'2024-08-16 00:23:55.000000',NULL,_binary '\0',_binary '','2024-08-22','Arroz',NULL,_binary '\0',NULL,NULL,1,1,NULL,1),(262,'2024-01-11 18:16:01.000000',NULL,_binary '',_binary '\0','2024-01-23','Arroz',NULL,_binary '',NULL,NULL,1,1,NULL,1),(263,'2024-06-28 00:16:23.000000',NULL,_binary '',_binary '','2024-07-15','Arroz',NULL,_binary '',NULL,NULL,2,1,NULL,1),(264,'2024-11-11 08:32:06.000000',NULL,_binary '\0',_binary '','2024-12-02','Arroz',NULL,_binary '\0',NULL,NULL,4,1,NULL,1),(265,'2024-09-04 12:35:16.000000',NULL,_binary '',_binary '\0','2024-09-04','Arroz',NULL,_binary '',NULL,NULL,1,1,NULL,1),(266,'2024-01-17 04:08:58.000000',NULL,_binary '',_binary '\0','2024-01-28','Arroz',NULL,_binary '',NULL,NULL,3,1,NULL,1),(267,'2024-09-18 20:41:46.000000',NULL,_binary '\0',_binary '\0','2024-10-08','Arroz',NULL,_binary '\0',NULL,NULL,3,1,NULL,1),(268,'2024-07-03 09:21:32.000000',NULL,_binary '\0',_binary '\0','2024-07-25','Arroz',NULL,_binary '\0',NULL,NULL,3,1,NULL,1),(269,'2024-03-20 00:25:25.000000',NULL,_binary '\0',_binary '\0','2024-03-29','Arroz',NULL,_binary '\0',NULL,NULL,1,1,NULL,1),(270,'2024-01-27 18:08:18.000000',NULL,_binary '',_binary '','2024-02-24','Arroz',NULL,_binary '',NULL,NULL,1,1,NULL,1),(271,'2024-12-10 06:04:27.000000',NULL,_binary '\0',_binary '\0','2024-12-31','Arroz',NULL,_binary '\0',NULL,NULL,2,1,NULL,1),(272,'2024-08-25 04:24:37.000000',NULL,_binary '',_binary '\0','2024-09-07','Arroz',NULL,_binary '',NULL,NULL,2,1,NULL,1),(273,'2024-01-10 16:37:07.000000',NULL,_binary '\0',_binary '','2024-01-10','Arroz',NULL,_binary '\0',NULL,NULL,3,1,NULL,1),(274,'2024-01-15 07:53:59.000000',NULL,_binary '',_binary '','2024-02-03','Arroz',NULL,_binary '',NULL,NULL,2,1,NULL,1),(275,'2024-08-06 01:29:20.000000',NULL,_binary '',_binary '\0','2024-08-18','Arroz',NULL,_binary '',NULL,NULL,4,1,NULL,1),(276,'2024-07-14 18:42:41.000000',NULL,_binary '\0',_binary '\0','2024-08-05','Arroz',NULL,_binary '\0',NULL,NULL,2,1,NULL,1),(277,'2024-06-24 09:10:47.000000',NULL,_binary '\0',_binary '\0','2024-07-10','Arroz',NULL,_binary '\0',NULL,NULL,1,1,NULL,1),(278,'2024-01-27 22:50:09.000000',NULL,_binary '',_binary '','2024-02-11','Arroz',NULL,_binary '',NULL,NULL,1,1,NULL,1),(279,'2024-12-05 08:53:35.000000',NULL,_binary '\0',_binary '\0','2024-12-28','Arroz',NULL,_binary '\0',NULL,NULL,2,1,NULL,1),(280,'2024-05-18 20:31:10.000000',NULL,_binary '\0',_binary '\0','2024-05-23','Arroz',NULL,_binary '\0',NULL,NULL,3,1,NULL,1),(281,'2024-04-03 14:27:15.000000',NULL,_binary '\0',_binary '\0','2024-04-09','Arroz',NULL,_binary '\0',NULL,NULL,4,1,NULL,1),(282,'2024-02-07 15:38:03.000000',NULL,_binary '',_binary '','2024-02-09','Arroz',NULL,_binary '',NULL,NULL,4,1,NULL,1),(283,'2024-10-15 22:47:51.000000',NULL,_binary '\0',_binary '\0','2024-10-18','Arroz',NULL,_binary '\0',NULL,NULL,2,1,NULL,1),(284,'2024-11-29 04:41:16.000000',NULL,_binary '\0',_binary '','2024-12-08','Arroz',NULL,_binary '\0',NULL,NULL,3,1,NULL,1),(285,'2024-08-22 01:59:07.000000',NULL,_binary '\0',_binary '\0','2024-09-02','Arroz',NULL,_binary '\0',NULL,NULL,2,1,NULL,1),(286,'2024-03-12 13:15:53.000000',NULL,_binary '\0',_binary '\0','2024-03-26','Arroz',NULL,_binary '\0',NULL,NULL,4,1,NULL,1),(287,'2024-09-22 02:52:47.000000',NULL,_binary '\0',_binary '','2024-10-04','Arroz',NULL,_binary '\0',NULL,NULL,4,1,NULL,1),(288,'2024-04-03 13:43:22.000000',NULL,_binary '\0',_binary '','2024-04-12','Arroz',NULL,_binary '\0',NULL,NULL,3,1,NULL,1),(289,'2024-07-08 02:03:52.000000',NULL,_binary '',_binary '\0','2024-08-04','Arroz',NULL,_binary '',NULL,NULL,2,1,NULL,1),(290,'2024-10-21 01:48:22.000000',NULL,_binary '',_binary '','2024-11-17','Arroz',NULL,_binary '',NULL,NULL,4,1,NULL,1),(291,'2024-09-16 21:19:32.000000',NULL,_binary '\0',_binary '','2024-09-30','Arroz',NULL,_binary '\0',NULL,NULL,3,1,NULL,1),(292,'2024-03-28 23:56:09.000000',NULL,_binary '\0',_binary '\0','2024-04-25','Arroz',NULL,_binary '\0',NULL,NULL,4,1,NULL,1),(293,'2024-12-04 08:04:54.000000',NULL,_binary '',_binary '','2024-12-29','Arroz',NULL,_binary '\0',NULL,NULL,4,1,NULL,1),(294,'2024-03-29 21:58:21.000000',NULL,_binary '',_binary '','2024-04-26','Arroz',NULL,_binary '',NULL,NULL,2,1,NULL,1),(295,'2024-06-12 10:52:35.000000',NULL,_binary '',_binary '\0','2024-06-28','Arroz',NULL,_binary '',NULL,NULL,4,1,NULL,1),(296,'2024-01-24 12:03:16.000000',NULL,_binary '\0',_binary '\0','2024-02-05','Arroz',NULL,_binary '\0',NULL,NULL,4,1,NULL,1),(297,'2024-02-19 00:50:31.000000',NULL,_binary '',_binary '','2024-03-04','Arroz',NULL,_binary '',NULL,NULL,1,1,NULL,1),(298,'2024-12-13 12:57:00.000000',NULL,_binary '',_binary '','2024-12-28','Arroz',NULL,_binary '\0',NULL,NULL,3,1,NULL,1),(299,'2024-03-06 15:57:32.000000',NULL,_binary '',_binary '','2024-03-14','Arroz',NULL,_binary '',NULL,NULL,3,1,NULL,1),(300,'2024-04-09 11:45:31.000000',NULL,_binary '',_binary '','2024-04-27','Arroz',NULL,_binary '',NULL,NULL,4,1,NULL,1),(301,'2024-01-31 10:42:12.000000',NULL,_binary '',_binary '','2024-02-27','Arroz',NULL,_binary '',NULL,NULL,4,1,NULL,1),(302,'2024-07-03 23:35:48.000000',NULL,_binary '\0',_binary '\0','2024-07-03','Arroz',NULL,_binary '\0',NULL,NULL,4,1,NULL,1),(303,'2024-08-12 06:52:11.000000',NULL,_binary '',_binary '\0','2024-08-30','Arroz',NULL,_binary '',NULL,NULL,4,1,NULL,1),(304,'2024-06-21 18:22:37.000000',NULL,_binary '\0',_binary '','2024-07-07','Arroz',NULL,_binary '\0',NULL,NULL,2,1,NULL,1),(305,'2024-10-19 12:53:38.000000',NULL,_binary '\0',_binary '','2024-10-20','Arroz',NULL,_binary '\0',NULL,NULL,4,1,NULL,1),(306,'2024-08-14 05:22:00.000000',NULL,_binary '\0',_binary '','2024-08-22','Arroz',NULL,_binary '\0',NULL,NULL,3,1,NULL,1),(307,'2024-04-06 10:25:00.000000',NULL,_binary '\0',_binary '','2024-04-30','Arroz',NULL,_binary '\0',NULL,NULL,1,1,NULL,1),(308,'2024-10-25 08:38:11.000000',NULL,_binary '\0',_binary '','2024-10-29','Arroz',NULL,_binary '\0',NULL,NULL,4,1,NULL,1),(309,'2024-12-26 06:00:20.000000',NULL,_binary '\0',_binary '','2025-01-14','Arroz',NULL,_binary '\0',NULL,NULL,1,1,NULL,1),(310,'2024-08-07 16:29:25.000000',NULL,_binary '',_binary '\0','2024-08-25','Arroz',NULL,_binary '',NULL,NULL,3,1,NULL,1),(311,'2024-10-26 22:08:27.000000',NULL,_binary '\0',_binary '','2024-11-08','Arroz',NULL,_binary '\0',NULL,NULL,2,1,NULL,1),(312,'2024-01-28 12:57:22.000000',NULL,_binary '\0',_binary '','2024-02-03','Arroz',NULL,_binary '\0',NULL,NULL,4,1,NULL,1),(313,'2024-01-10 07:30:40.000000',NULL,_binary '\0',_binary '\0','2024-01-10','Arroz',NULL,_binary '\0',NULL,NULL,3,1,NULL,1),(314,'2024-08-19 14:02:58.000000',NULL,_binary '\0',_binary '\0','2024-09-12','Arroz',NULL,_binary '\0',NULL,NULL,4,1,NULL,1),(315,'2024-05-02 19:12:05.000000',NULL,_binary '',_binary '','2024-05-27','Arroz',NULL,_binary '',NULL,NULL,3,1,NULL,1),(316,'2024-06-12 10:01:13.000000',NULL,_binary '',_binary '\0','2024-06-15','Arroz',NULL,_binary '',NULL,NULL,1,1,NULL,1),(317,'2024-05-08 08:26:09.000000',NULL,_binary '',_binary '\0','2024-05-14','Arroz',NULL,_binary '',NULL,NULL,3,1,NULL,1),(318,'2024-08-19 05:09:03.000000',NULL,_binary '\0',_binary '\0','2024-09-03','Arroz',NULL,_binary '\0',NULL,NULL,1,1,NULL,1),(319,'2024-07-25 17:41:01.000000',NULL,_binary '',_binary '','2024-08-11','Arroz',NULL,_binary '',NULL,NULL,4,1,NULL,1),(320,'2024-05-17 09:33:19.000000',NULL,_binary '',_binary '\0','2024-06-12','Arroz',NULL,_binary '',NULL,NULL,1,1,NULL,1),(321,'2024-03-12 10:54:50.000000',NULL,_binary '',_binary '\0','2024-03-22','Arroz',NULL,_binary '',NULL,NULL,2,1,NULL,1),(322,'2024-05-29 13:41:41.000000',NULL,_binary '',_binary '\0','2024-06-05','Arroz',NULL,_binary '',NULL,NULL,4,1,NULL,1),(323,'2024-02-08 14:43:11.000000',NULL,_binary '',_binary '','2024-02-17','Arroz',NULL,_binary '',NULL,NULL,4,1,NULL,1),(324,'2024-02-14 04:16:53.000000',NULL,_binary '',_binary '\0','2024-03-12','Arroz',NULL,_binary '',NULL,NULL,2,1,NULL,1),(325,'2024-10-10 23:02:52.000000',NULL,_binary '\0',_binary '\0','2024-11-06','Arroz',NULL,_binary '\0',NULL,NULL,1,1,NULL,1),(326,'2024-05-16 04:11:01.000000',NULL,_binary '',_binary '\0','2024-06-13','Arroz',NULL,_binary '',NULL,NULL,4,1,NULL,1),(327,'2024-01-08 04:55:31.000000',NULL,_binary '',_binary '\0','2024-01-12','Arroz',NULL,_binary '',NULL,NULL,1,1,NULL,1),(328,'2024-11-21 06:44:12.000000',NULL,_binary '',_binary '','2024-12-15','Arroz',NULL,_binary '\0',NULL,NULL,3,1,NULL,1),(329,'2024-09-20 17:22:57.000000',NULL,_binary '\0',_binary '\0','2024-09-27','Arroz',NULL,_binary '\0',NULL,NULL,4,1,NULL,1),(330,'2024-06-05 15:41:25.000000',NULL,_binary '',_binary '','2024-06-29','Arroz',NULL,_binary '',NULL,NULL,1,1,NULL,1),(331,'2024-09-13 19:41:54.000000',NULL,_binary '',_binary '','2024-09-29','Arroz',NULL,_binary '',NULL,NULL,2,1,NULL,1),(332,'2024-10-10 00:07:44.000000',NULL,_binary '',_binary '\0','2024-10-15','Arroz',NULL,_binary '',NULL,NULL,3,1,NULL,1),(333,'2024-04-17 18:13:05.000000',NULL,_binary '',_binary '\0','2024-05-07','Arroz',NULL,_binary '',NULL,NULL,3,1,NULL,1),(334,'2024-01-13 07:11:33.000000',NULL,_binary '\0',_binary '\0','2024-01-17','Arroz',NULL,_binary '\0',NULL,NULL,3,1,NULL,1),(335,'2024-03-15 10:38:41.000000',NULL,_binary '',_binary '','2024-04-01','Arroz',NULL,_binary '',NULL,NULL,4,1,NULL,1),(336,'2024-10-13 04:37:54.000000',NULL,_binary '',_binary '\0','2024-10-28','Arroz',NULL,_binary '',NULL,NULL,1,1,NULL,1),(337,'2024-05-25 10:06:41.000000',NULL,_binary '',_binary '\0','2024-06-13','Arroz',NULL,_binary '',NULL,NULL,2,1,NULL,1),(338,'2024-04-01 22:18:38.000000',NULL,_binary '',_binary '','2024-04-22','Arroz',NULL,_binary '',NULL,NULL,3,1,NULL,1),(339,'2024-07-23 04:11:48.000000',NULL,_binary '\0',_binary '\0','2024-08-11','Arroz',NULL,_binary '\0',NULL,NULL,4,1,NULL,1),(340,'2024-10-07 23:49:31.000000',NULL,_binary '',_binary '\0','2024-10-25','Arroz',NULL,_binary '',NULL,NULL,1,1,NULL,1),(341,'2024-12-21 08:30:52.000000',NULL,_binary '',_binary '\0','2025-01-03','Arroz',NULL,_binary '\0',NULL,NULL,3,1,NULL,1),(342,'2024-12-09 17:29:39.000000',NULL,_binary '',_binary '','2024-12-10','Arroz',NULL,_binary '\0',NULL,NULL,3,1,NULL,1),(343,'2024-10-16 04:21:53.000000',NULL,_binary '',_binary '\0','2024-11-12','Arroz',NULL,_binary '',NULL,NULL,1,1,NULL,1),(344,'2024-07-01 18:24:00.000000',NULL,_binary '\0',_binary '\0','2024-07-25','Arroz',NULL,_binary '\0',NULL,NULL,4,1,NULL,1),(345,'2024-04-23 17:11:58.000000',NULL,_binary '',_binary '\0','2024-05-10','Arroz',NULL,_binary '',NULL,NULL,3,1,NULL,1),(346,'2024-05-13 22:36:09.000000',NULL,_binary '',_binary '\0','2024-05-24','Arroz',NULL,_binary '',NULL,NULL,1,1,NULL,1),(347,'2024-09-18 01:32:26.000000',NULL,_binary '\0',_binary '','2024-10-13','Arroz',NULL,_binary '\0',NULL,NULL,1,1,NULL,1),(348,'2024-06-24 19:07:33.000000',NULL,_binary '',_binary '\0','2024-07-22','Arroz',NULL,_binary '',NULL,NULL,4,1,NULL,1),(349,'2024-05-24 09:56:09.000000',NULL,_binary '',_binary '\0','2024-05-28','Arroz',NULL,_binary '',NULL,NULL,2,1,NULL,1),(350,'2024-01-14 06:50:17.000000',NULL,_binary '\0',_binary '','2024-01-31','Arroz',NULL,_binary '\0',NULL,NULL,4,1,NULL,1),(351,'2024-05-14 08:35:34.000000',NULL,_binary '',_binary '\0','2024-06-05','Arroz',NULL,_binary '',NULL,NULL,3,1,NULL,1),(352,'2024-04-25 09:59:57.000000',NULL,_binary '\0',_binary '\0','2024-05-16','Arroz',NULL,_binary '\0',NULL,NULL,2,1,NULL,1),(353,'2024-05-19 23:46:18.000000',NULL,_binary '',_binary '\0','2024-06-15','Arroz',NULL,_binary '',NULL,NULL,2,1,NULL,1),(354,'2024-03-23 22:24:44.000000',NULL,_binary '',_binary '\0','2024-04-17','Arroz',NULL,_binary '',NULL,NULL,3,1,NULL,1),(355,'2024-01-22 03:26:23.000000',NULL,_binary '',_binary '\0','2024-02-12','Arroz',NULL,_binary '',NULL,NULL,4,1,NULL,1),(356,'2024-01-23 18:08:30.000000',NULL,_binary '',_binary '','2024-02-12','Arroz',NULL,_binary '',NULL,NULL,2,1,NULL,1),(357,'2024-09-16 11:43:43.000000',NULL,_binary '\0',_binary '\0','2024-10-03','Arroz',NULL,_binary '\0',NULL,NULL,3,1,NULL,1),(358,'2024-12-15 04:30:10.000000',NULL,_binary '\0',_binary '','2025-01-04','Arroz',NULL,_binary '\0',NULL,NULL,1,1,NULL,1),(359,'2024-07-18 08:29:29.000000',NULL,_binary '\0',_binary '','2024-08-05','Arroz',NULL,_binary '\0',NULL,NULL,1,1,NULL,1),(360,'2024-03-24 12:38:22.000000',NULL,_binary '',_binary '\0','2024-04-20','Arroz',NULL,_binary '',NULL,NULL,1,1,NULL,1),(361,'2024-09-08 04:47:33.000000',NULL,_binary '',_binary '\0','2024-09-24','Arroz',NULL,_binary '',NULL,NULL,2,1,NULL,1),(362,'2024-09-30 08:09:03.000000',NULL,_binary '\0',_binary '\0','2024-10-22','Arroz',NULL,_binary '\0',NULL,NULL,1,1,NULL,1),(363,'2024-03-08 15:55:22.000000',NULL,_binary '',_binary '','2024-04-03','Arroz',NULL,_binary '',NULL,NULL,4,1,NULL,1),(364,'2024-11-19 17:01:51.000000',NULL,_binary '',_binary '\0','2024-12-17','Arroz',NULL,_binary '\0',NULL,NULL,3,1,NULL,1),(365,'2024-09-28 14:08:12.000000',NULL,_binary '',_binary '','2024-10-24','Arroz',NULL,_binary '',NULL,NULL,1,1,NULL,1),(366,'2024-07-29 17:31:49.000000',NULL,_binary '',_binary '\0','2024-08-05','Arroz',NULL,_binary '',NULL,NULL,1,1,NULL,1),(367,'2024-08-20 22:31:26.000000',NULL,_binary '',_binary '\0','2024-08-23','Arroz',NULL,_binary '',NULL,NULL,2,1,NULL,1),(368,'2024-01-03 05:38:28.000000',NULL,_binary '\0',_binary '\0','2024-01-30','Arroz',NULL,_binary '\0',NULL,NULL,2,1,NULL,1),(369,'2024-11-17 10:30:59.000000',NULL,_binary '',_binary '\0','2024-12-01','Arroz',NULL,_binary '\0',NULL,NULL,1,1,NULL,1),(370,'2024-05-18 09:14:08.000000',NULL,_binary '',_binary '','2024-06-03','Arroz',NULL,_binary '',NULL,NULL,2,1,NULL,1),(371,'2024-05-15 15:32:10.000000',NULL,_binary '\0',_binary '','2024-06-11','Arroz',NULL,_binary '\0',NULL,NULL,3,1,NULL,1),(372,'2024-06-30 12:39:13.000000',NULL,_binary '\0',_binary '\0','2024-07-06','Arroz',NULL,_binary '\0',NULL,NULL,3,1,NULL,1),(373,'2024-07-24 22:01:13.000000',NULL,_binary '',_binary '','2024-08-21','Arroz',NULL,_binary '',NULL,NULL,3,1,NULL,1),(374,'2027-11-28 04:38:05.000000',NULL,_binary '\0',_binary '','2027-12-22','Arroz',NULL,_binary '\0',NULL,NULL,2,1,NULL,1),(375,'2024-06-30 16:27:44.000000',NULL,_binary '\0',_binary '\0','2024-07-29','Arroz',NULL,_binary '\0',NULL,NULL,1,1,NULL,1),(376,'2027-09-10 02:47:48.000000',NULL,_binary '',_binary '','2027-09-13','Arroz',NULL,_binary '\0',NULL,NULL,2,1,NULL,1),(377,'2027-12-04 12:06:17.000000',NULL,_binary '',_binary '\0','2027-12-06','Arroz',NULL,_binary '\0',NULL,NULL,2,1,NULL,1),(378,'2026-04-27 18:53:52.000000',NULL,_binary '\0',_binary '','2026-05-11','Arroz',NULL,_binary '\0',NULL,NULL,3,1,NULL,1),(379,'2026-07-02 06:18:05.000000',NULL,_binary '\0',_binary '\0','2026-07-21','Arroz',NULL,_binary '\0',NULL,NULL,1,1,NULL,1),(380,'2026-11-29 04:57:45.000000',NULL,_binary '',_binary '','2026-12-15','Arroz',NULL,_binary '\0',NULL,NULL,4,1,NULL,1),(381,'2027-08-25 19:35:58.000000',NULL,_binary '\0',_binary '\0','2027-09-04','Arroz',NULL,_binary '\0',NULL,NULL,4,1,NULL,1),(382,'2025-12-16 17:34:19.000000',NULL,_binary '\0',_binary '','2025-12-21','Arroz',NULL,_binary '\0',NULL,NULL,3,1,NULL,1),(383,'2024-02-15 23:36:10.000000',NULL,_binary '',_binary '\0','2024-02-25','Arroz',NULL,_binary '',NULL,NULL,2,1,NULL,1),(384,'2025-09-23 06:06:26.000000',NULL,_binary '',_binary '\0','2025-10-12','Arroz',NULL,_binary '\0',NULL,NULL,4,1,NULL,1),(385,'2025-02-25 22:14:17.000000',NULL,_binary '',_binary '\0','2025-03-26','Arroz',NULL,_binary '\0',NULL,NULL,3,1,NULL,1),(386,'2027-01-29 14:51:41.000000',NULL,_binary '',_binary '\0','2027-02-27','Arroz',NULL,_binary '\0',NULL,NULL,4,1,NULL,1),(387,'2027-08-02 03:36:18.000000',NULL,_binary '\0',_binary '','2027-08-03','Arroz',NULL,_binary '\0',NULL,NULL,4,1,NULL,1),(388,'2026-06-22 19:31:18.000000',NULL,_binary '\0',_binary '','2026-07-04','Arroz',NULL,_binary '\0',NULL,NULL,2,1,NULL,1),(389,'2025-01-14 08:56:20.000000',NULL,_binary '\0',_binary '\0','2025-01-20','Arroz',NULL,_binary '\0',NULL,NULL,1,1,NULL,1),(390,'2024-12-20 16:35:51.000000',NULL,_binary '',_binary '','2025-01-09','Arroz',NULL,_binary '\0',NULL,NULL,3,1,NULL,1),(391,'2024-11-17 03:48:48.000000',NULL,_binary '\0',_binary '\0','2024-12-03','Arroz',NULL,_binary '\0',NULL,NULL,1,1,NULL,1),(392,'2024-07-10 04:43:59.000000',NULL,_binary '',_binary '\0','2024-07-13','Arroz',NULL,_binary '',NULL,NULL,2,1,NULL,1),(393,'2026-04-08 17:10:05.000000',NULL,_binary '',_binary '\0','2026-04-23','Arroz',NULL,_binary '\0',NULL,NULL,4,1,NULL,1),(394,'2027-07-21 18:49:19.000000',NULL,_binary '\0',_binary '','2027-08-16','Arroz',NULL,_binary '\0',NULL,NULL,3,1,NULL,1),(395,'2024-11-06 08:53:25.000000',NULL,_binary '\0',_binary '','2024-11-10','Arroz',NULL,_binary '\0',NULL,NULL,4,1,NULL,1),(396,'2024-09-11 01:42:51.000000',NULL,_binary '',_binary '','2024-09-20','Arroz',NULL,_binary '',NULL,NULL,3,1,NULL,1),(397,'2024-11-20 05:35:52.000000',NULL,_binary '',_binary '','2024-12-05','Arroz',NULL,_binary '\0',NULL,NULL,1,1,NULL,1),(398,'2024-05-12 02:09:20.000000',NULL,_binary '\0',_binary '','2024-05-28','Arroz',NULL,_binary '\0',NULL,NULL,4,1,NULL,1),(399,'2027-10-07 22:44:14.000000',NULL,_binary '',_binary '','2027-10-31','Arroz',NULL,_binary '\0',NULL,NULL,4,1,NULL,1),(400,'2025-03-09 15:18:33.000000',NULL,_binary '\0',_binary '','2025-03-09','Arroz',NULL,_binary '\0',NULL,NULL,2,1,NULL,1),(401,'2026-09-24 08:54:03.000000',NULL,_binary '',_binary '','2026-09-27','Arroz',NULL,_binary '\0',NULL,NULL,4,1,NULL,1),(402,'2025-02-06 13:47:20.000000',NULL,_binary '\0',_binary '','2025-02-17','Arroz',NULL,_binary '\0',NULL,NULL,2,1,NULL,1),(403,'2027-12-16 15:42:53.000000',NULL,_binary '\0',_binary '','2028-01-10','Arroz',NULL,_binary '\0',NULL,NULL,3,1,NULL,1),(404,'2026-09-15 10:11:27.000000',NULL,_binary '\0',_binary '\0','2026-10-04','Arroz',NULL,_binary '\0',NULL,NULL,3,1,NULL,1),(405,'2025-11-23 07:43:17.000000',NULL,_binary '\0',_binary '','2025-11-30','Arroz',NULL,_binary '\0',NULL,NULL,2,1,NULL,1),(406,'2025-02-02 03:09:38.000000',NULL,_binary '',_binary '','2025-02-17','Arroz',NULL,_binary '\0',NULL,NULL,1,1,NULL,1),(407,'2024-06-21 04:51:05.000000',NULL,_binary '',_binary '','2024-07-03','Arroz',NULL,_binary '',NULL,NULL,1,1,NULL,1),(408,'2027-12-08 18:51:16.000000',NULL,_binary '',_binary '','2027-12-26','Arroz',NULL,_binary '\0',NULL,NULL,3,1,NULL,1),(409,'2024-10-10 02:57:10.000000',NULL,_binary '\0',_binary '','2024-11-04','Arroz',NULL,_binary '\0',NULL,NULL,4,1,NULL,1),(410,'2027-10-24 01:21:34.000000',NULL,_binary '\0',_binary '','2027-11-06','Arroz',NULL,_binary '\0',NULL,NULL,2,1,NULL,1),(411,'2027-04-15 19:11:54.000000',NULL,_binary '',_binary '\0','2027-05-07','Arroz',NULL,_binary '\0',NULL,NULL,4,1,NULL,1),(412,'2024-07-30 02:47:30.000000',NULL,_binary '\0',_binary '\0','2024-08-13','Arroz',NULL,_binary '\0',NULL,NULL,2,1,NULL,1),(413,'2027-12-08 01:10:33.000000',NULL,_binary '\0',_binary '\0','2027-12-28','Arroz',NULL,_binary '\0',NULL,NULL,3,1,NULL,1),(414,'2026-02-21 02:40:35.000000',NULL,_binary '',_binary '\0','2026-02-27','Arroz',NULL,_binary '\0',NULL,NULL,4,1,NULL,1),(415,'2025-12-14 23:12:30.000000',NULL,_binary '\0',_binary '','2026-01-01','Arroz',NULL,_binary '\0',NULL,NULL,2,1,NULL,1),(416,'2026-09-15 10:35:41.000000',NULL,_binary '\0',_binary '','2026-09-22','Arroz',NULL,_binary '\0',NULL,NULL,3,1,NULL,1),(417,'2025-01-28 12:36:23.000000',NULL,_binary '',_binary '','2025-01-31','Arroz',NULL,_binary '\0',NULL,NULL,1,1,NULL,1),(418,'2027-10-12 12:59:38.000000',NULL,_binary '',_binary '','2027-10-12','Arroz',NULL,_binary '\0',NULL,NULL,4,1,NULL,1),(419,'2027-01-13 21:12:13.000000',NULL,_binary '\0',_binary '\0','2027-02-07','Arroz',NULL,_binary '\0',NULL,NULL,1,1,NULL,1),(420,'2026-06-03 23:06:12.000000',NULL,_binary '',_binary '\0','2026-06-16','Arroz',NULL,_binary '\0',NULL,NULL,1,1,NULL,1),(421,'2027-02-28 20:26:11.000000',NULL,_binary '',_binary '','2027-03-20','Arroz',NULL,_binary '\0',NULL,NULL,4,1,NULL,1),(422,'2024-06-02 00:33:51.000000',NULL,_binary '',_binary '','2024-06-11','Arroz',NULL,_binary '',NULL,NULL,3,1,NULL,1),(423,'2026-11-21 10:02:20.000000',NULL,_binary '',_binary '\0','2026-11-21','Arroz',NULL,_binary '\0',NULL,NULL,4,1,NULL,1),(424,'2027-06-06 08:39:54.000000',NULL,_binary '\0',_binary '\0','2027-06-25','Arroz',NULL,_binary '\0',NULL,NULL,1,1,NULL,1),(425,'2026-01-28 07:00:39.000000',NULL,_binary '',_binary '','2026-02-11','Arroz',NULL,_binary '\0',NULL,NULL,2,1,NULL,1),(426,'2027-02-20 14:39:49.000000',NULL,_binary '',_binary '','2027-02-26','Arroz',NULL,_binary '\0',NULL,NULL,1,1,NULL,1),(427,'2027-10-11 08:32:03.000000',NULL,_binary '',_binary '','2027-10-23','Arroz',NULL,_binary '\0',NULL,NULL,1,1,NULL,1),(428,'2026-02-13 04:09:18.000000',NULL,_binary '\0',_binary '','2026-02-26','Arroz',NULL,_binary '\0',NULL,NULL,3,1,NULL,1),(429,'2024-06-14 11:38:56.000000',NULL,_binary '\0',_binary '','2024-07-02','Arroz',NULL,_binary '\0',NULL,NULL,1,1,NULL,1),(430,'2024-06-09 22:56:40.000000',NULL,_binary '\0',_binary '\0','2024-06-26','Arroz',NULL,_binary '\0',NULL,NULL,4,1,NULL,1),(431,'2024-05-02 02:41:22.000000',NULL,_binary '\0',_binary '\0','2024-05-05','Arroz',NULL,_binary '\0',NULL,NULL,1,1,NULL,1),(432,'2026-07-27 04:44:58.000000',NULL,_binary '\0',_binary '','2026-08-07','Arroz',NULL,_binary '\0',NULL,NULL,4,1,NULL,1),(433,'2026-10-02 03:29:33.000000',NULL,_binary '',_binary '','2026-10-12','Arroz',NULL,_binary '\0',NULL,NULL,1,1,NULL,1),(434,'2026-12-18 05:27:56.000000',NULL,_binary '',_binary '','2027-01-08','Arroz',NULL,_binary '\0',NULL,NULL,4,1,NULL,1),(435,'2025-07-04 04:05:21.000000',NULL,_binary '',_binary '\0','2025-07-12','Arroz',NULL,_binary '\0',NULL,NULL,1,1,NULL,1),(436,'2027-10-12 05:55:25.000000',NULL,_binary '\0',_binary '\0','2027-10-13','Arroz',NULL,_binary '\0',NULL,NULL,2,1,NULL,1),(437,'2024-05-03 02:38:56.000000',NULL,_binary '\0',_binary '\0','2024-05-29','Arroz',NULL,_binary '\0',NULL,NULL,4,1,NULL,1),(438,'2025-03-04 11:36:52.000000',NULL,_binary '',_binary '\0','2025-03-21','Arroz',NULL,_binary '\0',NULL,NULL,2,1,NULL,1),(439,'2025-11-28 15:03:38.000000',NULL,_binary '',_binary '','2025-12-01','Arroz',NULL,_binary '\0',NULL,NULL,3,1,NULL,1),(440,'2026-08-11 11:37:58.000000',NULL,_binary '\0',_binary '','2026-09-07','Arroz',NULL,_binary '\0',NULL,NULL,1,1,NULL,1),(441,'2026-02-15 11:08:25.000000',NULL,_binary '',_binary '\0','2026-03-16','Arroz',NULL,_binary '\0',NULL,NULL,1,1,NULL,1),(442,'2027-12-08 09:04:35.000000',NULL,_binary '',_binary '','2028-01-05','Arroz',NULL,_binary '\0',NULL,NULL,1,1,NULL,1),(443,'2027-03-16 14:23:05.000000',NULL,_binary '',_binary '\0','2027-03-16','Arroz',NULL,_binary '\0',NULL,NULL,3,1,NULL,1),(444,'2024-09-06 21:45:11.000000',NULL,_binary '\0',_binary '\0','2024-09-30','Arroz',NULL,_binary '\0',NULL,NULL,4,1,NULL,1),(445,'2024-07-16 22:42:13.000000',NULL,_binary '\0',_binary '','2024-08-13','Arroz',NULL,_binary '\0',NULL,NULL,2,1,NULL,1),(446,'2027-08-15 11:54:22.000000',NULL,_binary '',_binary '\0','2027-08-25','Arroz',NULL,_binary '\0',NULL,NULL,4,1,NULL,1),(447,'2024-01-19 14:30:21.000000',NULL,_binary '',_binary '\0','2024-02-04','Arroz',NULL,_binary '',NULL,NULL,3,1,NULL,1),(448,'2027-08-23 23:44:53.000000',NULL,_binary '\0',_binary '\0','2027-09-18','Arroz',NULL,_binary '\0',NULL,NULL,1,1,NULL,1),(449,'2026-04-25 18:48:53.000000',NULL,_binary '\0',_binary '','2026-05-02','Arroz',NULL,_binary '\0',NULL,NULL,3,1,NULL,1),(450,'2025-02-21 14:12:02.000000',NULL,_binary '\0',_binary '','2025-03-02','Arroz',NULL,_binary '\0',NULL,NULL,2,1,NULL,1),(451,'2025-06-14 09:43:55.000000',NULL,_binary '',_binary '\0','2025-06-30','Arroz',NULL,_binary '\0',NULL,NULL,2,1,NULL,1),(452,'2027-01-19 23:51:16.000000',NULL,_binary '',_binary '\0','2027-01-19','Arroz',NULL,_binary '\0',NULL,NULL,4,1,NULL,1),(453,'2025-03-22 21:43:53.000000',NULL,_binary '',_binary '\0','2025-04-16','Arroz',NULL,_binary '\0',NULL,NULL,1,1,NULL,1),(454,'2026-08-28 14:16:03.000000',NULL,_binary '',_binary '\0','2026-09-14','Arroz',NULL,_binary '\0',NULL,NULL,3,1,NULL,1),(455,'2025-12-25 12:17:21.000000',NULL,_binary '\0',_binary '','2026-01-21','Arroz',NULL,_binary '\0',NULL,NULL,1,1,NULL,1),(456,'2026-08-27 01:58:45.000000',NULL,_binary '\0',_binary '','2026-09-25','Arroz',NULL,_binary '\0',NULL,NULL,2,1,NULL,1),(457,'2024-03-27 01:50:22.000000',NULL,_binary '\0',_binary '','2024-04-07','Arroz',NULL,_binary '\0',NULL,NULL,2,1,NULL,1),(458,'2024-06-30 06:52:33.000000',NULL,_binary '\0',_binary '\0','2024-06-30','Arroz',NULL,_binary '\0',NULL,NULL,3,1,NULL,1),(459,'2026-10-07 05:20:20.000000',NULL,_binary '\0',_binary '','2026-10-21','Arroz',NULL,_binary '\0',NULL,NULL,4,1,NULL,1),(460,'2026-08-17 20:10:03.000000',NULL,_binary '\0',_binary '','2026-08-30','Arroz',NULL,_binary '\0',NULL,NULL,2,1,NULL,1),(461,'2026-02-07 12:03:25.000000',NULL,_binary '',_binary '\0','2026-03-08','Arroz',NULL,_binary '\0',NULL,NULL,2,1,NULL,1),(462,'2024-07-31 11:37:55.000000',NULL,_binary '',_binary '\0','2024-08-12','Arroz',NULL,_binary '',NULL,NULL,3,1,NULL,1),(463,'2025-05-06 12:02:32.000000',NULL,_binary '\0',_binary '','2025-05-20','Arroz',NULL,_binary '\0',NULL,NULL,2,1,NULL,1),(464,'2025-07-30 21:29:43.000000',NULL,_binary '\0',_binary '','2025-07-30','Arroz',NULL,_binary '\0',NULL,NULL,3,1,NULL,1),(465,'2026-07-11 22:53:10.000000',NULL,_binary '',_binary '','2026-08-07','Arroz',NULL,_binary '\0',NULL,NULL,1,1,NULL,1),(466,'2025-04-14 14:05:49.000000',NULL,_binary '',_binary '\0','2025-05-01','Arroz',NULL,_binary '\0',NULL,NULL,3,1,NULL,1),(467,'2024-11-18 07:59:48.000000',NULL,_binary '\0',_binary '\0','2024-11-19','Arroz',NULL,_binary '\0',NULL,NULL,2,1,NULL,1),(468,'2024-11-20 06:14:36.000000',NULL,_binary '',_binary '\0','2024-11-21','Arroz',NULL,_binary '\0',NULL,NULL,1,1,NULL,1),(469,'2024-01-07 22:50:20.000000',NULL,_binary '',_binary '','2024-01-10','Arroz',NULL,_binary '',NULL,NULL,1,1,NULL,1),(470,'2026-09-24 09:07:41.000000',NULL,_binary '',_binary '\0','2026-09-24','Arroz',NULL,_binary '\0',NULL,NULL,4,1,NULL,1),(471,'2027-06-09 22:25:48.000000',NULL,_binary '\0',_binary '','2027-06-09','Arroz',NULL,_binary '\0',NULL,NULL,1,1,NULL,1),(472,'2026-05-26 14:24:22.000000',NULL,_binary '\0',_binary '\0','2026-06-07','Arroz',NULL,_binary '\0',NULL,NULL,2,1,NULL,1),(473,'2027-05-12 23:26:17.000000',NULL,_binary '\0',_binary '','2027-05-19','Arroz',NULL,_binary '\0',NULL,NULL,3,1,NULL,1),(474,'2027-03-06 19:40:40.000000',NULL,_binary '',_binary '\0','2027-03-19','Arroz',NULL,_binary '\0',NULL,NULL,4,1,NULL,1),(475,'2027-10-31 05:19:07.000000',NULL,_binary '\0',_binary '\0','2027-11-23','Arroz',NULL,_binary '\0',NULL,NULL,2,1,NULL,1),(476,'2024-02-07 16:21:09.000000',NULL,_binary '\0',_binary '','2024-02-07','Arroz',NULL,_binary '\0',NULL,NULL,2,1,NULL,1),(477,'2025-10-26 08:44:44.000000',NULL,_binary '\0',_binary '\0','2025-11-11','Arroz',NULL,_binary '\0',NULL,NULL,1,1,NULL,1),(478,'2025-12-22 18:28:12.000000',NULL,_binary '\0',_binary '','2026-01-06','Arroz',NULL,_binary '\0',NULL,NULL,4,1,NULL,1),(479,'2025-09-21 04:11:08.000000',NULL,_binary '',_binary '\0','2025-09-24','Arroz',NULL,_binary '\0',NULL,NULL,3,1,NULL,1),(480,'2025-01-27 17:55:33.000000',NULL,_binary '',_binary '\0','2025-02-02','Arroz',NULL,_binary '\0',NULL,NULL,4,1,NULL,1),(481,'2027-08-09 18:21:22.000000',NULL,_binary '\0',_binary '\0','2027-08-13','Arroz',NULL,_binary '\0',NULL,NULL,4,1,NULL,1),(482,'2026-01-13 04:42:41.000000',NULL,_binary '\0',_binary '','2026-01-14','Arroz',NULL,_binary '\0',NULL,NULL,1,1,NULL,1),(483,'2027-01-03 05:31:13.000000',NULL,_binary '',_binary '','2027-01-09','Arroz',NULL,_binary '\0',NULL,NULL,3,1,NULL,1),(484,'2027-10-14 14:05:19.000000',NULL,_binary '\0',_binary '','2027-10-22','Arroz',NULL,_binary '\0',NULL,NULL,2,1,NULL,1),(485,'2026-10-31 14:09:05.000000',NULL,_binary '',_binary '\0','2026-11-07','Arroz',NULL,_binary '\0',NULL,NULL,2,1,NULL,1),(486,'2026-03-09 22:31:24.000000',NULL,_binary '\0',_binary '\0','2026-03-10','Arroz',NULL,_binary '\0',NULL,NULL,4,1,NULL,1),(487,'2025-02-01 17:31:00.000000',NULL,_binary '',_binary '','2025-02-11','Arroz',NULL,_binary '\0',NULL,NULL,4,1,NULL,1),(488,'2024-12-02 13:50:07.000000',NULL,_binary '\0',_binary '\0','2024-12-19','Arroz',NULL,_binary '\0',NULL,NULL,1,1,NULL,1),(489,'2024-08-08 05:36:39.000000',NULL,_binary '',_binary '','2024-08-15','Arroz',NULL,_binary '',NULL,NULL,3,1,NULL,1),(490,'2024-12-15 09:49:05.000000',NULL,_binary '\0',_binary '\0','2024-12-17','Arroz',NULL,_binary '\0',NULL,NULL,1,1,NULL,1),(491,'2025-08-26 16:34:31.000000',NULL,_binary '\0',_binary '','2025-09-04','Arroz',NULL,_binary '\0',NULL,NULL,3,1,NULL,1),(492,'2024-04-22 13:41:30.000000',NULL,_binary '',_binary '\0','2024-04-25','Arroz',NULL,_binary '',NULL,NULL,2,1,NULL,1),(493,'2024-11-14 20:37:27.617752',NULL,_binary '',_binary '\0','2024-11-13','Arroz',NULL,_binary '',NULL,NULL,1,1,NULL,1),(494,'2024-11-14 20:37:27.653459',NULL,_binary '',_binary '\0','2024-11-13','Arroz',NULL,_binary '',NULL,NULL,1,1,NULL,1),(495,'2024-11-14 20:37:27.667280',NULL,_binary '',_binary '\0','2024-11-13','Arroz',NULL,_binary '',NULL,NULL,1,1,NULL,1),(496,'2024-11-14 20:37:27.680867',NULL,_binary '',_binary '\0','2024-11-13','Arroz',NULL,_binary '',NULL,NULL,1,1,NULL,1),(497,'2024-11-14 20:37:27.705598',NULL,_binary '',_binary '\0','2024-11-13','Arroz',NULL,_binary '',NULL,NULL,1,1,NULL,1),(498,'2024-11-14 20:37:27.736841',NULL,_binary '',_binary '\0','2024-11-13','Arroz',NULL,_binary '',NULL,NULL,1,1,NULL,1),(499,'2024-11-14 20:37:32.108545',NULL,_binary '',_binary '\0','2024-11-13','Arroz',NULL,_binary '',NULL,NULL,1,1,NULL,1),(500,'2024-11-14 20:37:32.124782',NULL,_binary '',_binary '\0','2024-11-13','Arroz',NULL,_binary '',NULL,NULL,1,1,NULL,1),(501,'2024-11-14 20:37:32.135513',NULL,_binary '',_binary '\0','2024-11-13','Arroz',NULL,_binary '',NULL,NULL,1,1,NULL,1),(502,'2024-11-14 20:37:32.145793',NULL,_binary '',_binary '\0','2024-11-13','Arroz',NULL,_binary '',NULL,NULL,1,1,NULL,1),(503,'2024-11-14 20:37:32.157949',NULL,_binary '',_binary '\0','2024-11-13','Arroz',NULL,_binary '',NULL,NULL,1,1,NULL,1),(504,'2024-11-14 20:37:32.182694',NULL,_binary '',_binary '\0','2024-11-13','Arroz',NULL,_binary '',NULL,NULL,1,1,NULL,1),(505,'2024-11-14 20:37:46.237297',NULL,_binary '',_binary '\0','2024-11-13','Arroz',NULL,_binary '',NULL,NULL,1,1,NULL,1),(506,'2024-11-14 20:37:46.252691',NULL,_binary '',_binary '\0','2024-11-13','Arroz',NULL,_binary '',NULL,NULL,1,1,NULL,1),(507,'2024-11-14 20:37:46.265226',NULL,_binary '',_binary '\0','2024-11-13','Arroz',NULL,_binary '',NULL,NULL,1,1,NULL,1),(508,'2024-11-14 20:37:46.277881',NULL,_binary '',_binary '\0','2024-11-13','Arroz',NULL,_binary '',NULL,NULL,1,1,NULL,1),(509,'2024-11-14 20:37:46.288928',NULL,_binary '',_binary '\0','2024-11-13','Arroz',NULL,_binary '',NULL,NULL,1,1,NULL,1),(510,'2024-11-14 20:37:46.313901',NULL,_binary '',_binary '\0','2024-11-13','Arroz',NULL,_binary '',NULL,NULL,1,1,NULL,1),(511,'2027-05-03 20:11:56.000000',NULL,_binary '',_binary '','2027-05-29','Arroz',NULL,_binary '\0',NULL,NULL,3,1,NULL,1),(512,'2024-12-12 01:48:05.000000',NULL,_binary '',_binary '\0','2024-12-25','Arroz',NULL,_binary '\0',NULL,NULL,6,1,NULL,1),(513,'2026-03-11 19:20:08.000000',NULL,_binary '\0',_binary '','2026-03-21','Arroz',NULL,_binary '\0',NULL,NULL,2,1,NULL,1),(514,'2025-06-11 22:38:12.000000',NULL,_binary '',_binary '\0','2025-07-04','Arroz',NULL,_binary '\0',NULL,NULL,6,1,NULL,1),(515,'2027-11-03 05:44:09.000000',NULL,_binary '\0',_binary '','2027-11-11','Arroz',NULL,_binary '\0',NULL,NULL,6,1,NULL,1),(516,'2027-02-10 02:17:25.000000',NULL,_binary '\0',_binary '\0','2027-03-02','Arroz',NULL,_binary '\0',NULL,NULL,2,1,NULL,1),(517,'2027-02-11 09:23:16.000000',NULL,_binary '',_binary '','2027-03-05','Arroz',NULL,_binary '\0',NULL,NULL,6,1,NULL,1),(518,'2026-01-31 18:16:31.000000',NULL,_binary '\0',_binary '','2026-02-26','Arroz',NULL,_binary '\0',NULL,NULL,5,1,NULL,1),(519,'2027-06-10 04:06:54.000000',NULL,_binary '\0',_binary '','2027-06-25','Arroz',NULL,_binary '\0',NULL,NULL,6,1,NULL,1),(520,'2024-09-02 00:36:47.000000',NULL,_binary '',_binary '\0','2024-09-11','Arroz',NULL,_binary '',NULL,NULL,3,1,NULL,1),(521,'2026-02-02 02:51:11.000000',NULL,_binary '\0',_binary '','2026-02-26','Arroz',NULL,_binary '\0',NULL,NULL,5,1,NULL,1),(522,'2027-11-21 20:09:32.000000',NULL,_binary '\0',_binary '','2027-12-08','Arroz',NULL,_binary '\0',NULL,NULL,2,1,NULL,1),(523,'2025-12-17 17:11:56.000000',NULL,_binary '\0',_binary '\0','2026-01-06','Arroz',NULL,_binary '\0',NULL,NULL,1,1,NULL,1),(524,'2027-02-01 09:18:40.000000',NULL,_binary '',_binary '','2027-02-28','Arroz',NULL,_binary '\0',NULL,NULL,4,1,NULL,1),(525,'2026-01-06 14:20:38.000000',NULL,_binary '\0',_binary '','2026-01-20','Arroz',NULL,_binary '\0',NULL,NULL,5,1,NULL,1),(526,'2024-01-29 00:08:46.000000',NULL,_binary '',_binary '','2024-02-06','Arroz',NULL,_binary '',NULL,NULL,6,1,NULL,1),(527,'2026-01-18 22:59:42.000000',NULL,_binary '\0',_binary '\0','2026-01-23','Arroz',NULL,_binary '\0',NULL,NULL,5,1,NULL,1),(528,'2024-11-11 19:43:02.000000',NULL,_binary '\0',_binary '','2024-12-03','Arroz',NULL,_binary '\0',NULL,NULL,3,1,NULL,1),(529,'2025-09-17 02:31:12.000000',NULL,_binary '\0',_binary '','2025-10-08','Arroz',NULL,_binary '\0',NULL,NULL,6,1,NULL,1),(530,'2025-10-05 10:48:32.000000',NULL,_binary '',_binary '\0','2025-10-25','Arroz',NULL,_binary '\0',NULL,NULL,4,1,NULL,1),(531,'2027-06-06 12:32:07.000000',NULL,_binary '\0',_binary '','2027-07-05','Arroz',NULL,_binary '\0',NULL,NULL,1,1,NULL,1),(532,'2026-01-23 06:51:17.000000',NULL,_binary '',_binary '','2026-01-24','Arroz',NULL,_binary '\0',NULL,NULL,4,1,NULL,1),(533,'2024-08-21 19:13:05.000000',NULL,_binary '',_binary '\0','2024-09-06','Arroz',NULL,_binary '',NULL,NULL,1,1,NULL,1),(534,'2025-12-07 08:42:04.000000',NULL,_binary '\0',_binary '','2025-12-21','Arroz',NULL,_binary '\0',NULL,NULL,3,1,NULL,1),(535,'2024-11-02 00:38:17.000000',NULL,_binary '',_binary '\0','2024-11-22','Arroz',NULL,_binary '\0',NULL,NULL,1,1,NULL,1),(536,'2026-04-17 11:32:14.000000',NULL,_binary '',_binary '','2026-05-11','Arroz',NULL,_binary '\0',NULL,NULL,2,1,NULL,1),(537,'2026-05-11 07:21:07.000000',NULL,_binary '',_binary '','2026-05-15','Arroz',NULL,_binary '\0',NULL,NULL,1,1,NULL,1),(538,'2026-11-26 13:16:02.000000',NULL,_binary '',_binary '\0','2026-12-13','Arroz',NULL,_binary '\0',NULL,NULL,1,1,NULL,1),(539,'2026-05-08 18:12:30.000000',NULL,_binary '\0',_binary '','2026-05-16','Arroz',NULL,_binary '\0',NULL,NULL,5,1,NULL,1),(540,'2027-12-11 15:24:45.000000',NULL,_binary '\0',_binary '\0','2028-01-07','Arroz',NULL,_binary '\0',NULL,NULL,4,1,NULL,1),(541,'2027-12-08 07:10:16.000000',NULL,_binary '',_binary '','2027-12-19','Arroz',NULL,_binary '\0',NULL,NULL,4,1,NULL,1),(542,'2026-02-04 00:13:12.000000',NULL,_binary '\0',_binary '\0','2026-02-11','Arroz',NULL,_binary '\0',NULL,NULL,2,1,NULL,1),(543,'2025-09-01 09:26:59.000000',NULL,_binary '',_binary '\0','2025-09-27','Arroz',NULL,_binary '\0',NULL,NULL,1,1,NULL,1),(544,'2024-05-07 00:26:49.000000',NULL,_binary '',_binary '\0','2024-06-05','Arroz',NULL,_binary '',NULL,NULL,4,1,NULL,1),(545,'2024-11-04 03:48:25.000000',NULL,_binary '\0',_binary '\0','2024-11-08','Arroz',NULL,_binary '\0',NULL,NULL,5,1,NULL,1),(546,'2025-01-01 01:11:21.000000',NULL,_binary '\0',_binary '\0','2025-01-05','Arroz',NULL,_binary '\0',NULL,NULL,5,1,NULL,1),(547,'2024-10-24 20:17:24.000000',NULL,_binary '',_binary '','2024-11-18','Arroz',NULL,_binary '',NULL,NULL,5,1,NULL,1),(548,'2027-02-24 22:03:30.000000',NULL,_binary '\0',_binary '\0','2027-03-05','Arroz',NULL,_binary '\0',NULL,NULL,3,1,NULL,1),(549,'2024-06-22 07:59:57.000000',NULL,_binary '\0',_binary '','2024-07-17','Arroz',NULL,_binary '\0',NULL,NULL,4,1,NULL,1),(550,'2024-08-04 03:23:27.000000',NULL,_binary '\0',_binary '','2024-08-23','Arroz',NULL,_binary '\0',NULL,NULL,4,1,NULL,1),(551,'2027-06-12 15:13:56.000000',NULL,_binary '',_binary '\0','2027-06-24','Arroz',NULL,_binary '\0',NULL,NULL,6,1,NULL,1),(552,'2026-01-21 17:24:07.000000',NULL,_binary '\0',_binary '\0','2026-02-17','Arroz',NULL,_binary '\0',NULL,NULL,6,1,NULL,1),(553,'2026-09-05 16:46:27.000000',NULL,_binary '\0',_binary '\0','2026-09-10','Arroz',NULL,_binary '\0',NULL,NULL,6,1,NULL,1),(554,'2024-07-10 20:17:30.000000',NULL,_binary '',_binary '','2024-07-30','Arroz',NULL,_binary '',NULL,NULL,3,1,NULL,1),(555,'2025-01-31 23:38:16.000000',NULL,_binary '\0',_binary '','2025-02-18','Arroz',NULL,_binary '\0',NULL,NULL,3,1,NULL,1),(556,'2024-01-13 21:37:38.000000',NULL,_binary '\0',_binary '','2024-01-14','Arroz',NULL,_binary '\0',NULL,NULL,1,1,NULL,1),(557,'2026-06-22 15:13:43.000000',NULL,_binary '\0',_binary '','2026-07-04','Arroz',NULL,_binary '\0',NULL,NULL,1,1,NULL,1),(558,'2024-11-05 18:27:43.000000',NULL,_binary '\0',_binary '','2024-11-07','Arroz',NULL,_binary '\0',NULL,NULL,2,1,NULL,1),(559,'2027-11-25 02:45:52.000000',NULL,_binary '',_binary '','2027-12-11','Arroz',NULL,_binary '\0',NULL,NULL,1,1,NULL,1),(560,'2026-09-15 04:22:07.000000',NULL,_binary '',_binary '','2026-10-03','Arroz',NULL,_binary '\0',NULL,NULL,4,1,NULL,1),(561,'2027-01-13 05:36:25.000000',NULL,_binary '',_binary '','2027-01-16','Arroz',NULL,_binary '\0',NULL,NULL,2,1,NULL,1),(562,'2027-09-20 21:49:42.000000',NULL,_binary '',_binary '\0','2027-10-19','Arroz',NULL,_binary '\0',NULL,NULL,5,1,NULL,1),(563,'2027-11-17 11:44:44.000000',NULL,_binary '',_binary '\0','2027-12-01','Arroz',NULL,_binary '\0',NULL,NULL,5,1,NULL,1),(564,'2024-09-08 16:55:45.000000',NULL,_binary '\0',_binary '','2024-09-26','Arroz',NULL,_binary '\0',NULL,NULL,3,1,NULL,1),(565,'2027-09-30 14:01:12.000000',NULL,_binary '\0',_binary '','2027-10-19','Arroz',NULL,_binary '\0',NULL,NULL,6,1,NULL,1),(566,'2025-03-11 22:47:04.000000',NULL,_binary '',_binary '\0','2025-03-25','Arroz',NULL,_binary '\0',NULL,NULL,2,1,NULL,1),(567,'2026-10-08 18:16:15.000000',NULL,_binary '',_binary '\0','2026-10-26','Arroz',NULL,_binary '\0',NULL,NULL,6,1,NULL,1),(568,'2027-12-23 02:00:34.000000',NULL,_binary '\0',_binary '','2027-12-31','Arroz',NULL,_binary '\0',NULL,NULL,4,1,NULL,1),(569,'2025-12-03 09:47:38.000000',NULL,_binary '',_binary '','2026-01-01','Arroz',NULL,_binary '\0',NULL,NULL,5,1,NULL,1),(570,'2026-04-05 16:41:33.000000',NULL,_binary '',_binary '','2026-04-27','Arroz',NULL,_binary '\0',NULL,NULL,2,1,NULL,1),(571,'2024-01-18 07:45:58.000000',NULL,_binary '',_binary '','2024-02-15','Arroz',NULL,_binary '',NULL,NULL,6,1,NULL,1),(572,'2026-07-08 11:28:56.000000',NULL,_binary '',_binary '\0','2026-08-03','Arroz',NULL,_binary '\0',NULL,NULL,2,1,NULL,1),(573,'2025-06-30 05:53:47.000000',NULL,_binary '\0',_binary '','2025-07-19','Arroz',NULL,_binary '\0',NULL,NULL,5,1,NULL,1),(574,'2024-08-24 08:44:45.000000',NULL,_binary '\0',_binary '','2024-09-21','Arroz',NULL,_binary '\0',NULL,NULL,6,1,NULL,1),(575,'2027-06-12 11:55:51.000000',NULL,_binary '',_binary '\0','2027-06-22','Arroz',NULL,_binary '\0',NULL,NULL,5,1,NULL,1),(576,'2025-09-23 02:00:01.000000',NULL,_binary '\0',_binary '\0','2025-10-04','Arroz',NULL,_binary '\0',NULL,NULL,6,1,NULL,1),(577,'2024-12-18 13:37:48.000000',NULL,_binary '\0',_binary '','2024-12-18','Arroz',NULL,_binary '\0',NULL,NULL,4,1,NULL,1),(578,'2026-04-18 06:27:40.000000',NULL,_binary '',_binary '\0','2026-05-07','Arroz',NULL,_binary '\0',NULL,NULL,3,1,NULL,1),(579,'2027-09-12 11:36:00.000000',NULL,_binary '',_binary '','2027-10-07','Arroz',NULL,_binary '\0',NULL,NULL,1,1,NULL,1),(580,'2026-07-08 00:23:25.000000',NULL,_binary '\0',_binary '','2026-08-06','Arroz',NULL,_binary '\0',NULL,NULL,2,1,NULL,1),(581,'2024-06-01 20:59:10.000000',NULL,_binary '\0',_binary '','2024-06-06','Arroz',NULL,_binary '\0',NULL,NULL,6,1,NULL,1),(582,'2027-12-30 06:17:54.000000',NULL,_binary '\0',_binary '','2028-01-28','Arroz',NULL,_binary '\0',NULL,NULL,4,1,NULL,1),(583,'2026-11-12 23:55:42.000000',NULL,_binary '',_binary '\0','2026-11-24','Arroz',NULL,_binary '\0',NULL,NULL,3,1,NULL,1),(584,'2025-01-10 19:03:56.000000',NULL,_binary '\0',_binary '','2025-01-25','Arroz',NULL,_binary '\0',NULL,NULL,5,1,NULL,1),(585,'2027-08-20 11:31:28.000000',NULL,_binary '',_binary '','2027-09-07','Arroz',NULL,_binary '\0',NULL,NULL,2,1,NULL,1),(586,'2025-06-24 03:30:51.000000',NULL,_binary '',_binary '','2025-07-08','Arroz',NULL,_binary '\0',NULL,NULL,3,1,NULL,1),(587,'2025-11-04 04:09:18.000000',NULL,_binary '\0',_binary '','2025-12-03','Arroz',NULL,_binary '\0',NULL,NULL,2,1,NULL,1),(588,'2025-05-18 22:47:14.000000',NULL,_binary '',_binary '','2025-05-30','Arroz',NULL,_binary '\0',NULL,NULL,6,1,NULL,1),(589,'2026-06-04 02:36:43.000000',NULL,_binary '',_binary '\0','2026-06-13','Arroz',NULL,_binary '\0',NULL,NULL,5,1,NULL,1),(590,'2026-01-28 12:19:57.000000',NULL,_binary '\0',_binary '','2026-02-12','Arroz',NULL,_binary '\0',NULL,NULL,1,1,NULL,1),(591,'2027-01-09 14:16:41.000000',NULL,_binary '',_binary '','2027-01-26','Arroz',NULL,_binary '\0',NULL,NULL,5,1,NULL,1),(592,'2024-01-15 18:24:27.000000',NULL,_binary '',_binary '','2024-01-21','Arroz',NULL,_binary '',NULL,NULL,6,1,NULL,1),(593,'2027-06-08 14:13:27.000000',NULL,_binary '\0',_binary '\0','2027-06-25','Arroz',NULL,_binary '\0',NULL,NULL,3,1,NULL,1),(594,'2025-11-15 00:41:09.000000',NULL,_binary '',_binary '','2025-12-07','Arroz',NULL,_binary '\0',NULL,NULL,6,1,NULL,1),(595,'2026-08-05 07:17:46.000000',NULL,_binary '',_binary '','2026-08-06','Arroz',NULL,_binary '\0',NULL,NULL,3,1,NULL,1),(596,'2026-10-14 09:17:00.000000',NULL,_binary '',_binary '\0','2026-11-04','Arroz',NULL,_binary '\0',NULL,NULL,4,1,NULL,1),(597,'2025-04-15 02:25:57.000000',NULL,_binary '',_binary '\0','2025-04-25','Arroz',NULL,_binary '\0',NULL,NULL,4,1,NULL,1),(598,'2027-02-19 05:20:13.000000',NULL,_binary '',_binary '\0','2027-03-01','Arroz',NULL,_binary '\0',NULL,NULL,3,1,NULL,1),(599,'2027-08-09 07:57:08.000000',NULL,_binary '',_binary '','2027-09-06','Arroz',NULL,_binary '\0',NULL,NULL,3,1,NULL,1),(600,'2025-07-27 15:02:11.000000',NULL,_binary '',_binary '','2025-08-14','Arroz',NULL,_binary '\0',NULL,NULL,3,1,NULL,1),(601,'2024-05-23 07:46:19.000000',NULL,_binary '\0',_binary '','2024-05-31','Arroz',NULL,_binary '\0',NULL,NULL,3,1,NULL,1),(602,'2026-03-30 08:24:24.000000',NULL,_binary '\0',_binary '\0','2026-04-05','Arroz',NULL,_binary '\0',NULL,NULL,2,1,NULL,1),(603,'2026-12-15 20:11:50.000000',NULL,_binary '',_binary '\0','2026-12-19','Arroz',NULL,_binary '\0',NULL,NULL,3,1,NULL,1),(604,'2027-08-20 03:11:36.000000',NULL,_binary '',_binary '\0','2027-09-08','Arroz',NULL,_binary '\0',NULL,NULL,3,1,NULL,1),(605,'2027-03-04 22:21:19.000000',NULL,_binary '\0',_binary '','2027-03-07','Arroz',NULL,_binary '\0',NULL,NULL,6,1,NULL,1),(606,'2027-10-04 02:31:17.000000',NULL,_binary '',_binary '\0','2027-11-01','Arroz',NULL,_binary '\0',NULL,NULL,1,1,NULL,1),(607,'2026-05-20 17:22:09.000000',NULL,_binary '',_binary '','2026-05-31','Arroz',NULL,_binary '\0',NULL,NULL,1,1,NULL,1),(608,'2024-03-27 03:34:14.000000',NULL,_binary '',_binary '\0','2024-04-02','Arroz',NULL,_binary '',NULL,NULL,6,1,NULL,1),(609,'2027-05-25 13:35:53.000000',NULL,_binary '\0',_binary '','2027-06-15','Arroz',NULL,_binary '\0',NULL,NULL,4,1,NULL,1),(610,'2025-04-29 03:29:25.000000',NULL,_binary '',_binary '\0','2025-05-26','Arroz',NULL,_binary '\0',NULL,NULL,6,1,NULL,1),(611,'2026-10-31 21:07:48.000000',NULL,_binary '\0',_binary '','2026-11-25','Arroz',NULL,_binary '\0',NULL,NULL,1,1,NULL,1),(612,'2027-07-15 03:24:07.000000',NULL,_binary '\0',_binary '','2027-07-17','Arroz',NULL,_binary '\0',NULL,NULL,6,1,NULL,1),(613,'2024-03-29 17:15:47.000000',NULL,_binary '\0',_binary '','2024-04-08','Arroz',NULL,_binary '\0',NULL,NULL,6,1,NULL,1),(614,'2026-06-18 07:25:29.000000',NULL,_binary '',_binary '','2026-07-09','Arroz',NULL,_binary '\0',NULL,NULL,6,1,NULL,1),(615,'2026-02-24 20:36:36.000000',NULL,_binary '',_binary '','2026-02-25','Arroz',NULL,_binary '\0',NULL,NULL,5,1,NULL,1),(616,'2027-08-31 03:17:03.000000',NULL,_binary '',_binary '\0','2027-09-14','Arroz',NULL,_binary '\0',NULL,NULL,5,1,NULL,1),(617,'2027-07-14 09:50:36.000000',NULL,_binary '\0',_binary '','2027-08-01','Arroz',NULL,_binary '\0',NULL,NULL,5,1,NULL,1),(618,'2024-04-12 00:06:44.000000',NULL,_binary '',_binary '\0','2024-05-06','Arroz',NULL,_binary '',NULL,NULL,6,1,NULL,1),(619,'2024-05-03 17:08:01.000000',NULL,_binary '\0',_binary '\0','2024-05-09','Arroz',NULL,_binary '\0',NULL,NULL,6,1,NULL,1),(620,'2026-01-05 00:07:31.000000',NULL,_binary '',_binary '','2026-01-12','Arroz',NULL,_binary '\0',NULL,NULL,4,1,NULL,1),(621,'2024-05-09 17:48:37.000000',NULL,_binary '\0',_binary '','2024-05-28','Arroz',NULL,_binary '\0',NULL,NULL,2,1,NULL,1),(622,'2025-12-21 14:05:13.000000',NULL,_binary '\0',_binary '','2025-12-26','Arroz',NULL,_binary '\0',NULL,NULL,3,1,NULL,1),(623,'2026-07-17 20:16:17.000000',NULL,_binary '\0',_binary '\0','2026-07-25','Arroz',NULL,_binary '\0',NULL,NULL,2,1,NULL,1),(624,'2025-08-05 06:14:33.000000',NULL,_binary '\0',_binary '','2025-08-15','Arroz',NULL,_binary '\0',NULL,NULL,4,1,NULL,1),(625,'2027-10-05 21:21:10.000000',NULL,_binary '',_binary '\0','2027-10-17','Arroz',NULL,_binary '\0',NULL,NULL,5,1,NULL,1),(626,'2025-04-16 11:11:22.000000',NULL,_binary '\0',_binary '\0','2025-05-15','Arroz',NULL,_binary '\0',NULL,NULL,5,1,NULL,1),(627,'2026-08-11 01:56:50.000000',NULL,_binary '\0',_binary '','2026-08-29','Arroz',NULL,_binary '\0',NULL,NULL,1,1,NULL,1),(628,'2025-10-03 01:09:35.000000',NULL,_binary '',_binary '\0','2025-10-20','Arroz',NULL,_binary '\0',NULL,NULL,4,1,NULL,1),(629,'2027-04-10 13:09:22.000000',NULL,_binary '\0',_binary '','2027-04-11','Arroz',NULL,_binary '\0',NULL,NULL,6,1,NULL,1),(630,'2024-11-25 12:26:53.000000',NULL,_binary '',_binary '\0','2024-12-06','Arroz',NULL,_binary '\0',NULL,NULL,5,1,NULL,1),(631,'2027-06-03 21:24:47.000000',NULL,_binary '',_binary '','2027-06-11','Arroz',NULL,_binary '\0',NULL,NULL,1,1,NULL,1),(632,'2025-08-19 21:06:30.000000',NULL,_binary '\0',_binary '\0','2025-09-06','Arroz',NULL,_binary '\0',NULL,NULL,3,1,NULL,1),(633,'2024-01-23 23:19:34.000000',NULL,_binary '',_binary '\0','2024-02-01','Arroz',NULL,_binary '',NULL,NULL,1,1,NULL,1),(634,'2026-05-20 15:53:17.000000',NULL,_binary '',_binary '','2026-06-05','Arroz',NULL,_binary '\0',NULL,NULL,6,1,NULL,1),(635,'2027-06-11 14:09:55.000000',NULL,_binary '\0',_binary '\0','2027-06-17','Arroz',NULL,_binary '\0',NULL,NULL,6,1,NULL,1),(636,'2026-11-04 22:47:27.000000',NULL,_binary '',_binary '\0','2026-11-12','Arroz',NULL,_binary '\0',NULL,NULL,5,1,NULL,1),(637,'2026-07-01 01:28:57.000000',NULL,_binary '\0',_binary '','2026-07-19','Arroz',NULL,_binary '\0',NULL,NULL,1,1,NULL,1),(638,'2027-04-25 17:38:32.000000',NULL,_binary '\0',_binary '','2027-04-29','Arroz',NULL,_binary '\0',NULL,NULL,3,1,NULL,1),(639,'2027-05-30 21:54:30.000000',NULL,_binary '\0',_binary '\0','2027-06-10','Arroz',NULL,_binary '\0',NULL,NULL,1,1,NULL,1),(640,'2025-12-25 01:41:41.000000',NULL,_binary '',_binary '\0','2026-01-22','Arroz',NULL,_binary '\0',NULL,NULL,3,1,NULL,1),(641,'2024-09-08 15:45:55.000000',NULL,_binary '',_binary '','2024-09-09','Arroz',NULL,_binary '',NULL,NULL,4,1,NULL,1),(642,'2024-01-06 03:04:42.000000',NULL,_binary '',_binary '','2024-02-03','Arroz',NULL,_binary '',NULL,NULL,3,1,NULL,1),(643,'2026-01-18 03:09:39.000000',NULL,_binary '\0',_binary '\0','2026-02-07','Arroz',NULL,_binary '\0',NULL,NULL,5,1,NULL,1),(644,'2027-09-24 06:32:34.000000',NULL,_binary '',_binary '','2027-10-03','Arroz',NULL,_binary '\0',NULL,NULL,4,1,NULL,1),(645,'2026-11-20 00:40:38.000000',NULL,_binary '',_binary '','2026-11-20','Arroz',NULL,_binary '\0',NULL,NULL,5,1,NULL,1),(646,'2026-11-24 08:13:45.000000',NULL,_binary '',_binary '','2026-12-15','Arroz',NULL,_binary '\0',NULL,NULL,4,1,NULL,1),(647,'2027-05-18 10:04:24.000000',NULL,_binary '',_binary '','2027-05-21','Arroz',NULL,_binary '\0',NULL,NULL,6,1,NULL,1),(648,'2024-03-08 14:29:17.000000',NULL,_binary '',_binary '','2024-03-16','Arroz',NULL,_binary '',NULL,NULL,4,1,NULL,1),(649,'2025-06-18 21:51:34.000000',NULL,_binary '\0',_binary '','2025-06-29','Arroz',NULL,_binary '\0',NULL,NULL,2,1,NULL,1),(650,'2027-08-27 22:59:45.000000',NULL,_binary '\0',_binary '\0','2027-09-16','Arroz',NULL,_binary '\0',NULL,NULL,2,1,NULL,1),(651,'2025-12-09 12:17:36.000000',NULL,_binary '\0',_binary '','2025-12-27','Arroz',NULL,_binary '\0',NULL,NULL,1,1,NULL,1),(652,'2027-08-30 02:35:01.000000',NULL,_binary '',_binary '','2027-09-21','Arroz',NULL,_binary '\0',NULL,NULL,6,1,NULL,1),(653,'2025-03-27 19:04:32.000000',NULL,_binary '\0',_binary '','2025-03-29','Arroz',NULL,_binary '\0',NULL,NULL,6,1,NULL,1),(654,'2025-10-26 10:12:36.000000',NULL,_binary '',_binary '','2025-11-06','Arroz',NULL,_binary '\0',NULL,NULL,2,1,NULL,1),(655,'2024-11-26 07:48:31.000000',NULL,_binary '',_binary '','2024-12-25','Arroz',NULL,_binary '\0',NULL,NULL,4,1,NULL,1),(656,'2027-06-06 15:11:13.000000',NULL,_binary '',_binary '\0','2027-06-20','Arroz',NULL,_binary '\0',NULL,NULL,2,1,NULL,1),(657,'2024-05-26 13:10:23.000000',NULL,_binary '\0',_binary '','2024-06-11','Arroz',NULL,_binary '\0',NULL,NULL,6,1,NULL,1),(658,'2024-08-18 22:23:28.000000',NULL,_binary '\0',_binary '\0','2024-08-24','Arroz',NULL,_binary '\0',NULL,NULL,4,1,NULL,1),(659,'2024-12-04 10:40:46.000000',NULL,_binary '',_binary '\0','2025-01-02','Arroz',NULL,_binary '\0',NULL,NULL,6,1,NULL,1),(660,'2027-09-20 17:22:31.000000',NULL,_binary '',_binary '','2027-09-30','Arroz',NULL,_binary '\0',NULL,NULL,5,1,NULL,1),(661,'2024-04-29 22:37:28.000000',NULL,_binary '\0',_binary '','2024-05-03','Arroz',NULL,_binary '\0',NULL,NULL,1,1,NULL,1),(662,'2025-08-13 12:45:22.000000',NULL,_binary '\0',_binary '','2025-09-06','Arroz',NULL,_binary '\0',NULL,NULL,2,1,NULL,1),(663,'2025-10-18 17:10:39.000000',NULL,_binary '\0',_binary '','2025-10-26','Arroz',NULL,_binary '\0',NULL,NULL,4,1,NULL,1),(664,'2026-06-16 13:36:50.000000',NULL,_binary '',_binary '\0','2026-06-25','Arroz',NULL,_binary '\0',NULL,NULL,5,1,NULL,1),(665,'2024-05-17 01:01:46.000000',NULL,_binary '',_binary '','2024-06-12','Arroz',NULL,_binary '',NULL,NULL,5,1,NULL,1),(666,'2024-10-30 17:48:14.000000',NULL,_binary '\0',_binary '\0','2024-11-21','Arroz',NULL,_binary '\0',NULL,NULL,2,1,NULL,1),(667,'2026-05-06 10:06:11.000000',NULL,_binary '\0',_binary '\0','2026-05-14','Arroz',NULL,_binary '\0',NULL,NULL,6,1,NULL,1),(668,'2024-06-29 15:32:28.000000',NULL,_binary '',_binary '\0','2024-07-10','Arroz',NULL,_binary '',NULL,NULL,5,1,NULL,1),(669,'2025-03-15 10:48:40.000000',NULL,_binary '\0',_binary '\0','2025-04-12','Arroz',NULL,_binary '\0',NULL,NULL,3,1,NULL,1),(670,'2026-06-13 14:42:55.000000',NULL,_binary '\0',_binary '\0','2026-07-07','Arroz',NULL,_binary '\0',NULL,NULL,2,1,NULL,1),(671,'2025-09-18 14:56:48.000000',NULL,_binary '',_binary '\0','2025-10-12','Arroz',NULL,_binary '\0',NULL,NULL,3,1,NULL,1),(672,'2024-12-26 04:47:59.000000',NULL,_binary '\0',_binary '','2025-01-16','Arroz',NULL,_binary '\0',NULL,NULL,3,1,NULL,1),(673,'2025-04-18 03:10:09.000000',NULL,_binary '',_binary '\0','2025-04-22','Arroz',NULL,_binary '\0',NULL,NULL,4,1,NULL,1),(674,'2026-06-13 05:32:44.000000',NULL,_binary '\0',_binary '','2026-06-28','Arroz',NULL,_binary '\0',NULL,NULL,6,1,NULL,1),(675,'2026-12-03 02:37:50.000000',NULL,_binary '\0',_binary '\0','2026-12-07','Arroz',NULL,_binary '\0',NULL,NULL,3,1,NULL,1),(676,'2026-09-24 03:14:23.000000',NULL,_binary '',_binary '','2026-10-15','Arroz',NULL,_binary '\0',NULL,NULL,3,1,NULL,1),(677,'2024-01-08 17:34:12.000000',NULL,_binary '',_binary '\0','2024-01-14','Arroz',NULL,_binary '',NULL,NULL,6,1,NULL,1),(678,'2024-03-17 11:09:19.000000',NULL,_binary '\0',_binary '\0','2024-04-07','Arroz',NULL,_binary '\0',NULL,NULL,2,1,NULL,1),(679,'2027-08-26 22:46:02.000000',NULL,_binary '\0',_binary '\0','2027-09-19','Arroz',NULL,_binary '\0',NULL,NULL,4,1,NULL,1),(680,'2026-06-27 06:06:36.000000',NULL,_binary '\0',_binary '\0','2026-07-01','Arroz',NULL,_binary '\0',NULL,NULL,6,1,NULL,1),(681,'2027-10-04 02:10:25.000000',NULL,_binary '',_binary '','2027-10-20','Arroz',NULL,_binary '\0',NULL,NULL,1,1,NULL,1),(682,'2026-09-18 04:54:37.000000',NULL,_binary '',_binary '\0','2026-10-07','Arroz',NULL,_binary '\0',NULL,NULL,2,1,NULL,1),(683,'2024-10-24 08:26:08.000000',NULL,_binary '\0',_binary '','2024-11-21','Arroz',NULL,_binary '\0',NULL,NULL,5,1,NULL,1),(684,'2026-10-26 09:30:08.000000',NULL,_binary '',_binary '\0','2026-10-27','Arroz',NULL,_binary '\0',NULL,NULL,6,1,NULL,1),(685,'2025-08-30 07:36:44.000000',NULL,_binary '\0',_binary '','2025-09-19','Arroz',NULL,_binary '\0',NULL,NULL,2,1,NULL,1),(686,'2027-11-16 05:35:46.000000',NULL,_binary '\0',_binary '','2027-11-20','Arroz',NULL,_binary '\0',NULL,NULL,1,1,NULL,1),(687,'2026-12-01 12:32:20.000000',NULL,_binary '\0',_binary '','2026-12-15','Arroz',NULL,_binary '\0',NULL,NULL,5,1,NULL,1),(688,'2024-07-14 13:00:32.000000',NULL,_binary '\0',_binary '','2024-08-02','Arroz',NULL,_binary '\0',NULL,NULL,4,1,NULL,1),(689,'2026-11-08 23:00:37.000000',NULL,_binary '',_binary '\0','2026-12-06','Arroz',NULL,_binary '\0',NULL,NULL,4,1,NULL,1),(690,'2024-10-29 04:47:14.000000',NULL,_binary '\0',_binary '\0','2024-11-06','Arroz',NULL,_binary '\0',NULL,NULL,4,1,NULL,1),(691,'2027-09-05 22:42:33.000000',NULL,_binary '',_binary '\0','2027-09-09','Arroz',NULL,_binary '\0',NULL,NULL,5,1,NULL,1),(692,'2025-03-24 06:21:01.000000',NULL,_binary '\0',_binary '\0','2025-04-18','Arroz',NULL,_binary '\0',NULL,NULL,4,1,NULL,1),(693,'2025-09-06 07:59:51.000000',NULL,_binary '\0',_binary '\0','2025-10-02','Arroz',NULL,_binary '\0',NULL,NULL,3,1,NULL,1),(694,'2024-09-28 19:47:52.000000',NULL,_binary '',_binary '\0','2024-09-30','Arroz',NULL,_binary '',NULL,NULL,3,1,NULL,1),(695,'2026-06-21 22:56:56.000000',NULL,_binary '',_binary '','2026-06-22','Arroz',NULL,_binary '\0',NULL,NULL,6,1,NULL,1),(696,'2026-12-15 17:58:44.000000',NULL,_binary '',_binary '\0','2026-12-26','Arroz',NULL,_binary '\0',NULL,NULL,5,1,NULL,1),(697,'2026-07-17 21:32:08.000000',NULL,_binary '',_binary '\0','2026-07-25','Arroz',NULL,_binary '\0',NULL,NULL,5,1,NULL,1),(698,'2024-07-12 06:37:13.000000',NULL,_binary '',_binary '\0','2024-07-26','Arroz',NULL,_binary '',NULL,NULL,1,1,NULL,1),(699,'2024-08-16 10:28:28.000000',NULL,_binary '',_binary '\0','2024-08-19','Arroz',NULL,_binary '',NULL,NULL,6,1,NULL,1),(700,'2024-03-13 14:01:55.000000',NULL,_binary '',_binary '\0','2024-03-21','Arroz',NULL,_binary '',NULL,NULL,1,1,NULL,1),(701,'2024-12-22 04:18:57.000000',NULL,_binary '\0',_binary '\0','2025-01-20','Arroz',NULL,_binary '\0',NULL,NULL,6,1,NULL,1),(702,'2027-12-11 23:44:44.000000',NULL,_binary '',_binary '','2028-01-06','Arroz',NULL,_binary '\0',NULL,NULL,3,1,NULL,1),(703,'2027-04-28 16:11:38.000000',NULL,_binary '',_binary '\0','2027-05-04','Arroz',NULL,_binary '\0',NULL,NULL,1,1,NULL,1),(704,'2025-05-13 16:45:23.000000',NULL,_binary '\0',_binary '\0','2025-06-06','Arroz',NULL,_binary '\0',NULL,NULL,2,1,NULL,1),(705,'2024-07-29 18:44:57.000000',NULL,_binary '\0',_binary '\0','2024-08-18','Arroz',NULL,_binary '\0',NULL,NULL,3,1,NULL,1),(706,'2026-12-24 15:35:20.000000',NULL,_binary '\0',_binary '\0','2027-01-07','Arroz',NULL,_binary '\0',NULL,NULL,1,1,NULL,1),(707,'2024-09-14 11:54:42.000000',NULL,_binary '',_binary '\0','2024-09-29','Arroz',NULL,_binary '',NULL,NULL,5,1,NULL,1),(708,'2026-02-16 04:27:38.000000',NULL,_binary '\0',_binary '\0','2026-03-02','Arroz',NULL,_binary '\0',NULL,NULL,2,1,NULL,1),(709,'2025-10-19 16:32:53.000000',NULL,_binary '\0',_binary '\0','2025-11-10','Arroz',NULL,_binary '\0',NULL,NULL,4,1,NULL,1),(710,'2026-03-25 02:06:40.000000',NULL,_binary '',_binary '','2026-04-10','Arroz',NULL,_binary '\0',NULL,NULL,1,1,NULL,1),(711,'2026-03-03 14:20:57.000000',NULL,_binary '\0',_binary '\0','2026-04-01','Arroz',NULL,_binary '\0',NULL,NULL,6,1,NULL,1),(712,'2026-04-04 02:25:21.000000',NULL,_binary '',_binary '','2026-04-13','Arroz',NULL,_binary '\0',NULL,NULL,3,1,NULL,1),(713,'2027-12-12 17:56:02.000000',NULL,_binary '',_binary '','2028-01-06','Arroz',NULL,_binary '\0',NULL,NULL,2,1,NULL,1),(714,'2024-05-10 11:16:31.000000',NULL,_binary '\0',_binary '\0','2024-06-01','Arroz',NULL,_binary '\0',NULL,NULL,5,1,NULL,1),(715,'2026-05-24 16:16:22.000000',NULL,_binary '',_binary '','2026-06-19','Arroz',NULL,_binary '\0',NULL,NULL,4,1,NULL,1),(716,'2024-10-26 08:02:14.000000',NULL,_binary '\0',_binary '\0','2024-11-03','Arroz',NULL,_binary '\0',NULL,NULL,4,1,NULL,1),(717,'2027-08-23 21:24:48.000000',NULL,_binary '',_binary '','2027-09-11','Arroz',NULL,_binary '\0',NULL,NULL,2,1,NULL,1),(718,'2026-03-29 22:05:14.000000',NULL,_binary '',_binary '','2026-04-10','Arroz',NULL,_binary '\0',NULL,NULL,4,1,NULL,1),(719,'2025-12-30 20:43:41.000000',NULL,_binary '',_binary '','2025-12-31','Arroz',NULL,_binary '\0',NULL,NULL,5,1,NULL,1),(720,'2026-07-31 22:38:25.000000',NULL,_binary '',_binary '\0','2026-07-31','Arroz',NULL,_binary '\0',NULL,NULL,6,1,NULL,1),(721,'2026-02-05 20:34:29.000000',NULL,_binary '',_binary '','2026-02-28','Arroz',NULL,_binary '\0',NULL,NULL,1,1,NULL,1),(722,'2026-12-23 15:24:54.000000',NULL,_binary '',_binary '','2027-01-17','Arroz',NULL,_binary '\0',NULL,NULL,3,1,NULL,1),(723,'2025-10-23 01:19:58.000000',NULL,_binary '',_binary '\0','2025-11-02','Arroz',NULL,_binary '\0',NULL,NULL,4,1,NULL,1),(724,'2026-03-23 04:52:56.000000',NULL,_binary '\0',_binary '\0','2026-04-09','Arroz',NULL,_binary '\0',NULL,NULL,4,1,NULL,1),(725,'2024-02-19 11:48:51.000000',NULL,_binary '\0',_binary '\0','2024-03-05','Arroz',NULL,_binary '\0',NULL,NULL,4,1,NULL,1),(726,'2026-11-01 13:54:13.000000',NULL,_binary '',_binary '\0','2026-11-07','Arroz',NULL,_binary '\0',NULL,NULL,5,1,NULL,1),(727,'2024-08-11 11:44:55.000000',NULL,_binary '',_binary '\0','2024-08-22','Arroz',NULL,_binary '',NULL,NULL,3,1,NULL,1),(728,'2025-05-18 05:36:25.000000',NULL,_binary '\0',_binary '','2025-05-30','Arroz',NULL,_binary '\0',NULL,NULL,2,1,NULL,1),(729,'2026-08-24 18:28:15.000000',NULL,_binary '',_binary '','2026-09-05','Arroz',NULL,_binary '\0',NULL,NULL,1,1,NULL,1),(730,'2027-11-17 17:41:06.000000',NULL,_binary '',_binary '','2027-12-16','Arroz',NULL,_binary '\0',NULL,NULL,6,1,NULL,1),(731,'2026-04-30 04:56:56.000000',NULL,_binary '\0',_binary '','2026-05-04','Arroz',NULL,_binary '\0',NULL,NULL,2,1,NULL,1),(732,'2024-03-25 09:46:39.000000',NULL,_binary '',_binary '\0','2024-04-20','Arroz',NULL,_binary '',NULL,NULL,1,1,NULL,1),(733,'2024-06-08 01:57:46.000000',NULL,_binary '\0',_binary '\0','2024-06-24','Arroz',NULL,_binary '\0',NULL,NULL,2,1,NULL,1),(734,'2027-02-06 00:27:39.000000',NULL,_binary '',_binary '','2027-02-24','Arroz',NULL,_binary '\0',NULL,NULL,5,1,NULL,1),(735,'2026-09-12 06:31:18.000000',NULL,_binary '\0',_binary '','2026-09-20','Arroz',NULL,_binary '\0',NULL,NULL,5,1,NULL,1),(736,'2024-08-31 10:40:47.000000',NULL,_binary '',_binary '\0','2024-09-07','Arroz',NULL,_binary '',NULL,NULL,3,1,NULL,1),(737,'2024-10-16 19:48:12.000000',NULL,_binary '',_binary '\0','2024-10-25','Arroz',NULL,_binary '',NULL,NULL,1,1,NULL,1),(738,'2024-10-27 22:32:38.000000',NULL,_binary '\0',_binary '','2024-11-15','Arroz',NULL,_binary '\0',NULL,NULL,3,1,NULL,1),(739,'2025-07-06 12:27:33.000000',NULL,_binary '\0',_binary '','2025-07-16','Arroz',NULL,_binary '\0',NULL,NULL,4,1,NULL,1),(740,'2026-08-18 15:34:23.000000',NULL,_binary '\0',_binary '\0','2026-08-25','Arroz',NULL,_binary '\0',NULL,NULL,6,1,NULL,1),(741,'2024-03-12 09:21:29.000000',NULL,_binary '',_binary '','2024-04-05','Arroz',NULL,_binary '',NULL,NULL,4,1,NULL,1),(742,'2024-10-19 10:03:28.000000',NULL,_binary '\0',_binary '\0','2024-11-06','Arroz',NULL,_binary '\0',NULL,NULL,3,1,NULL,1),(743,'2024-04-18 05:38:18.000000',NULL,_binary '',_binary '\0','2024-04-30','Arroz',NULL,_binary '',NULL,NULL,6,1,NULL,1),(744,'2024-11-01 09:12:25.000000',NULL,_binary '\0',_binary '\0','2024-11-20','Arroz',NULL,_binary '\0',NULL,NULL,2,1,NULL,1),(745,'2026-07-24 06:12:06.000000',NULL,_binary '\0',_binary '\0','2026-07-31','Arroz',NULL,_binary '\0',NULL,NULL,1,1,NULL,1),(746,'2025-10-29 03:49:12.000000',NULL,_binary '\0',_binary '','2025-11-26','Arroz',NULL,_binary '\0',NULL,NULL,5,1,NULL,1),(747,'2024-01-07 17:35:00.000000',NULL,_binary '',_binary '\0','2024-01-15','Arroz',NULL,_binary '',NULL,NULL,2,1,NULL,1),(748,'2026-08-02 07:48:45.000000',NULL,_binary '',_binary '\0','2026-08-09','Arroz',NULL,_binary '\0',NULL,NULL,6,1,NULL,1),(749,'2025-10-11 17:15:49.000000',NULL,_binary '\0',_binary '\0','2025-11-08','Arroz',NULL,_binary '\0',NULL,NULL,3,1,NULL,1),(750,'2027-09-15 13:06:27.000000',NULL,_binary '',_binary '\0','2027-10-06','Arroz',NULL,_binary '\0',NULL,NULL,2,1,NULL,1),(751,'2024-02-23 11:21:08.000000',NULL,_binary '\0',_binary '','2024-03-09','Arroz',NULL,_binary '\0',NULL,NULL,1,1,NULL,1),(752,'2027-01-20 14:36:04.000000',NULL,_binary '',_binary '','2027-01-31','Arroz',NULL,_binary '\0',NULL,NULL,1,1,NULL,1),(753,'2024-12-13 23:38:31.000000',NULL,_binary '\0',_binary '\0','2025-01-08','Arroz',NULL,_binary '\0',NULL,NULL,1,1,NULL,1),(754,'2027-04-30 21:02:02.000000',NULL,_binary '',_binary '','2027-05-09','Arroz',NULL,_binary '\0',NULL,NULL,2,1,NULL,1),(755,'2025-02-14 15:27:41.000000',NULL,_binary '\0',_binary '','2025-03-05','Arroz',NULL,_binary '\0',NULL,NULL,3,1,NULL,1),(756,'2024-07-15 09:43:05.000000',NULL,_binary '',_binary '','2024-08-01','Arroz',NULL,_binary '',NULL,NULL,2,1,NULL,1),(757,'2025-04-14 23:31:52.000000',NULL,_binary '',_binary '','2025-05-12','Arroz',NULL,_binary '\0',NULL,NULL,3,1,NULL,1),(758,'2025-10-17 21:07:38.000000',NULL,_binary '\0',_binary '','2025-11-15','Arroz',NULL,_binary '\0',NULL,NULL,1,1,NULL,1),(759,'2025-07-07 16:20:43.000000',NULL,_binary '\0',_binary '\0','2025-07-27','Arroz',NULL,_binary '\0',NULL,NULL,3,1,NULL,1),(760,'2025-05-06 06:33:54.000000',NULL,_binary '\0',_binary '','2025-05-29','Arroz',NULL,_binary '\0',NULL,NULL,6,1,NULL,1),(761,'2025-10-25 09:49:24.000000',NULL,_binary '',_binary '\0','2025-11-20','Arroz',NULL,_binary '\0',NULL,NULL,6,1,NULL,1),(762,'2026-12-23 01:50:34.000000',NULL,_binary '\0',_binary '','2026-12-27','Arroz',NULL,_binary '\0',NULL,NULL,1,1,NULL,1),(763,'2025-01-07 21:01:40.000000',NULL,_binary '',_binary '\0','2025-01-18','Arroz',NULL,_binary '\0',NULL,NULL,4,1,NULL,1),(764,'2024-01-30 04:08:23.000000',NULL,_binary '',_binary '\0','2024-01-31','Arroz',NULL,_binary '',NULL,NULL,5,1,NULL,1),(765,'2027-07-03 22:52:10.000000',NULL,_binary '\0',_binary '','2027-07-23','Arroz',NULL,_binary '\0',NULL,NULL,6,1,NULL,1),(766,'2026-07-03 08:09:32.000000',NULL,_binary '',_binary '\0','2026-07-31','Arroz',NULL,_binary '\0',NULL,NULL,3,1,NULL,1),(767,'2026-07-23 17:02:09.000000',NULL,_binary '',_binary '\0','2026-07-28','Arroz',NULL,_binary '\0',NULL,NULL,6,1,NULL,1),(768,'2026-08-24 19:09:54.000000',NULL,_binary '\0',_binary '','2026-08-29','Arroz',NULL,_binary '\0',NULL,NULL,6,1,NULL,1),(769,'2024-09-28 02:38:05.000000',NULL,_binary '',_binary '','2024-10-03','Arroz',NULL,_binary '',NULL,NULL,6,1,NULL,1),(770,'2025-02-12 12:37:53.000000',NULL,_binary '',_binary '\0','2025-02-28','Arroz',NULL,_binary '\0',NULL,NULL,4,1,NULL,1),(771,'2025-06-10 23:48:34.000000',NULL,_binary '',_binary '\0','2025-06-23','Arroz',NULL,_binary '\0',NULL,NULL,6,1,NULL,1),(772,'2026-04-30 23:01:49.000000',NULL,_binary '\0',_binary '\0','2026-05-21','Arroz',NULL,_binary '\0',NULL,NULL,3,1,NULL,1),(773,'2027-09-15 09:54:46.000000',NULL,_binary '\0',_binary '\0','2027-09-16','Arroz',NULL,_binary '\0',NULL,NULL,4,1,NULL,1),(774,'2024-05-30 14:14:10.000000',NULL,_binary '',_binary '\0','2024-06-14','Arroz',NULL,_binary '',NULL,NULL,1,1,NULL,1),(775,'2024-06-19 03:56:31.000000',NULL,_binary '\0',_binary '','2024-07-16','Arroz',NULL,_binary '\0',NULL,NULL,6,1,NULL,1),(776,'2027-10-08 22:03:30.000000',NULL,_binary '',_binary '\0','2027-10-11','Arroz',NULL,_binary '\0',NULL,NULL,2,1,NULL,1),(777,'2024-08-21 21:47:35.000000',NULL,_binary '\0',_binary '','2024-09-10','Arroz',NULL,_binary '\0',NULL,NULL,5,1,NULL,1),(778,'2027-01-10 11:18:10.000000',NULL,_binary '\0',_binary '\0','2027-02-02','Arroz',NULL,_binary '\0',NULL,NULL,6,1,NULL,1),(779,'2024-04-22 17:35:40.000000',NULL,_binary '\0',_binary '','2024-05-09','Arroz',NULL,_binary '\0',NULL,NULL,6,1,NULL,1),(780,'2027-10-28 23:29:17.000000',NULL,_binary '\0',_binary '\0','2027-11-22','Arroz',NULL,_binary '\0',NULL,NULL,5,1,NULL,1),(781,'2027-06-06 06:04:29.000000',NULL,_binary '',_binary '','2027-06-18','Arroz',NULL,_binary '\0',NULL,NULL,6,1,NULL,1),(782,'2026-02-26 20:06:42.000000',NULL,_binary '',_binary '\0','2026-02-26','Arroz',NULL,_binary '\0',NULL,NULL,1,1,NULL,1),(783,'2024-05-15 09:15:43.000000',NULL,_binary '',_binary '\0','2024-05-30','Arroz',NULL,_binary '',NULL,NULL,3,1,NULL,1),(784,'2024-12-25 03:03:20.000000',NULL,_binary '',_binary '\0','2025-01-18','Arroz',NULL,_binary '\0',NULL,NULL,5,1,NULL,1),(785,'2026-06-16 14:51:01.000000',NULL,_binary '\0',_binary '\0','2026-06-22','Arroz',NULL,_binary '\0',NULL,NULL,6,1,NULL,1),(786,'2026-10-05 20:47:42.000000',NULL,_binary '\0',_binary '','2026-10-26','Arroz',NULL,_binary '\0',NULL,NULL,4,1,NULL,1),(787,'2025-08-11 11:18:48.000000',NULL,_binary '\0',_binary '\0','2025-08-16','Arroz',NULL,_binary '\0',NULL,NULL,6,1,NULL,1),(788,'2024-06-22 19:04:31.000000',NULL,_binary '',_binary '','2024-07-12','Arroz',NULL,_binary '',NULL,NULL,2,1,NULL,1),(789,'2025-09-13 05:49:12.000000',NULL,_binary '',_binary '','2025-10-11','Arroz',NULL,_binary '\0',NULL,NULL,6,1,NULL,1),(790,'2025-08-20 12:16:07.000000',NULL,_binary '\0',_binary '\0','2025-09-05','Arroz',NULL,_binary '\0',NULL,NULL,3,1,NULL,1),(791,'2026-12-16 05:51:22.000000',NULL,_binary '',_binary '\0','2026-12-25','Arroz',NULL,_binary '\0',NULL,NULL,5,1,NULL,1),(792,'2024-03-03 19:36:46.000000',NULL,_binary '',_binary '\0','2024-03-27','Arroz',NULL,_binary '',NULL,NULL,1,1,NULL,1),(793,'2026-07-11 03:14:41.000000',NULL,_binary '',_binary '\0','2026-07-15','Arroz',NULL,_binary '\0',NULL,NULL,2,1,NULL,1),(794,'2027-03-19 06:27:44.000000',NULL,_binary '',_binary '','2027-04-03','Arroz',NULL,_binary '\0',NULL,NULL,6,1,NULL,1),(795,'2025-09-23 04:06:06.000000',NULL,_binary '',_binary '\0','2025-10-13','Arroz',NULL,_binary '\0',NULL,NULL,4,1,NULL,1),(796,'2024-02-02 06:19:07.000000',NULL,_binary '\0',_binary '\0','2024-02-18','Arroz',NULL,_binary '\0',NULL,NULL,3,1,NULL,1),(797,'2024-03-07 05:26:35.000000',NULL,_binary '',_binary '\0','2024-03-22','Arroz',NULL,_binary '',NULL,NULL,5,1,NULL,1),(798,'2027-06-29 07:28:47.000000',NULL,_binary '',_binary '','2027-07-27','Arroz',NULL,_binary '\0',NULL,NULL,3,1,NULL,1),(799,'2026-04-30 10:55:37.000000',NULL,_binary '',_binary '\0','2026-05-24','Arroz',NULL,_binary '\0',NULL,NULL,2,1,NULL,1),(800,'2027-01-31 02:55:55.000000',NULL,_binary '\0',_binary '\0','2027-02-20','Arroz',NULL,_binary '\0',NULL,NULL,1,1,NULL,1),(801,'2026-03-28 09:51:36.000000',NULL,_binary '\0',_binary '','2026-03-29','Arroz',NULL,_binary '\0',NULL,NULL,3,1,NULL,1),(802,'2027-06-15 02:03:34.000000',NULL,_binary '',_binary '','2027-06-18','Arroz',NULL,_binary '\0',NULL,NULL,5,1,NULL,1),(803,'2026-10-22 01:52:26.000000',NULL,_binary '\0',_binary '\0','2026-10-24','Arroz',NULL,_binary '\0',NULL,NULL,5,1,NULL,1),(804,'2027-07-12 22:45:27.000000',NULL,_binary '\0',_binary '','2027-08-05','Arroz',NULL,_binary '\0',NULL,NULL,2,1,NULL,1),(805,'2026-08-02 13:57:01.000000',NULL,_binary '',_binary '\0','2026-08-17','Arroz',NULL,_binary '\0',NULL,NULL,2,1,NULL,1),(806,'2027-06-07 11:23:25.000000',NULL,_binary '',_binary '','2027-06-19','Arroz',NULL,_binary '\0',NULL,NULL,3,1,NULL,1),(807,'2026-07-24 01:52:30.000000',NULL,_binary '\0',_binary '\0','2026-07-28','Arroz',NULL,_binary '\0',NULL,NULL,3,1,NULL,1),(808,'2026-06-24 20:35:43.000000',NULL,_binary '\0',_binary '','2026-07-12','Arroz',NULL,_binary '\0',NULL,NULL,2,1,NULL,1),(809,'2027-01-13 20:08:03.000000',NULL,_binary '',_binary '\0','2027-01-30','Arroz',NULL,_binary '\0',NULL,NULL,5,1,NULL,1),(810,'2026-08-13 05:56:44.000000',NULL,_binary '\0',_binary '','2026-08-22','Arroz',NULL,_binary '\0',NULL,NULL,5,1,NULL,1),(811,'2027-01-06 12:42:31.000000',NULL,_binary '\0',_binary '\0','2027-01-21','Arroz',NULL,_binary '\0',NULL,NULL,4,1,NULL,1),(812,'2025-03-28 20:07:38.000000',NULL,_binary '\0',_binary '','2025-04-03','Arroz',NULL,_binary '\0',NULL,NULL,4,1,NULL,1),(813,'2026-04-21 23:07:05.000000',NULL,_binary '\0',_binary '','2026-05-04','Arroz',NULL,_binary '\0',NULL,NULL,4,1,NULL,1),(814,'2027-07-21 11:43:09.000000',NULL,_binary '',_binary '\0','2027-08-12','Arroz',NULL,_binary '\0',NULL,NULL,3,1,NULL,1),(815,'2024-11-06 14:10:52.000000',NULL,_binary '\0',_binary '','2024-11-08','Arroz',NULL,_binary '\0',NULL,NULL,1,1,NULL,1),(816,'2027-12-17 18:51:55.000000',NULL,_binary '',_binary '\0','2027-12-25','Arroz',NULL,_binary '\0',NULL,NULL,1,1,NULL,1),(817,'2026-03-24 13:27:44.000000',NULL,_binary '\0',_binary '','2026-04-08','Arroz',NULL,_binary '\0',NULL,NULL,4,1,NULL,1),(818,'2026-11-22 15:25:20.000000',NULL,_binary '\0',_binary '\0','2026-12-01','Arroz',NULL,_binary '\0',NULL,NULL,4,1,NULL,1),(819,'2025-07-25 23:22:59.000000',NULL,_binary '',_binary '','2025-08-16','Arroz',NULL,_binary '\0',NULL,NULL,6,1,NULL,1),(820,'2026-09-21 11:25:19.000000',NULL,_binary '\0',_binary '\0','2026-09-28','Arroz',NULL,_binary '\0',NULL,NULL,3,1,NULL,1),(821,'2025-10-04 21:57:56.000000',NULL,_binary '\0',_binary '','2025-10-30','Arroz',NULL,_binary '\0',NULL,NULL,6,1,NULL,1),(822,'2026-02-21 03:54:10.000000',NULL,_binary '\0',_binary '','2026-02-23','Arroz',NULL,_binary '\0',NULL,NULL,5,1,NULL,1),(823,'2027-06-06 19:31:27.000000',NULL,_binary '\0',_binary '\0','2027-06-25','Arroz',NULL,_binary '\0',NULL,NULL,2,1,NULL,1),(824,'2027-08-01 23:23:36.000000',NULL,_binary '\0',_binary '\0','2027-08-14','Arroz',NULL,_binary '\0',NULL,NULL,2,1,NULL,1),(825,'2027-06-17 14:22:07.000000',NULL,_binary '\0',_binary '\0','2027-07-10','Arroz',NULL,_binary '\0',NULL,NULL,2,1,NULL,1),(826,'2024-06-27 17:50:50.000000',NULL,_binary '\0',_binary '','2024-07-14','Arroz',NULL,_binary '\0',NULL,NULL,3,1,NULL,1),(827,'2024-09-06 16:13:54.000000',NULL,_binary '',_binary '\0','2024-10-05','Arroz',NULL,_binary '',NULL,NULL,6,1,NULL,1),(828,'2027-10-29 19:56:03.000000',NULL,_binary '\0',_binary '','2027-11-20','Arroz',NULL,_binary '\0',NULL,NULL,1,1,NULL,1),(829,'2027-03-02 22:15:52.000000',NULL,_binary '\0',_binary '','2027-03-27','Arroz',NULL,_binary '\0',NULL,NULL,4,1,NULL,1),(830,'2026-11-07 14:47:59.000000',NULL,_binary '',_binary '','2026-11-21','Arroz',NULL,_binary '\0',NULL,NULL,6,1,NULL,1),(831,'2027-10-15 01:47:45.000000',NULL,_binary '',_binary '\0','2027-11-01','Arroz',NULL,_binary '\0',NULL,NULL,4,1,NULL,1),(832,'2024-11-26 08:29:04.000000',NULL,_binary '\0',_binary '\0','2024-12-14','Arroz',NULL,_binary '\0',NULL,NULL,1,1,NULL,1),(833,'2024-10-17 22:34:31.000000',NULL,_binary '\0',_binary '','2024-10-23','Arroz',NULL,_binary '\0',NULL,NULL,6,1,NULL,1),(834,'2024-05-05 14:18:48.000000',NULL,_binary '',_binary '','2024-06-03','Arroz',NULL,_binary '',NULL,NULL,3,1,NULL,1),(835,'2024-02-09 23:06:20.000000',NULL,_binary '',_binary '','2024-02-29','Arroz',NULL,_binary '',NULL,NULL,1,1,NULL,1),(836,'2024-09-06 17:50:52.000000',NULL,_binary '\0',_binary '','2024-09-16','Arroz',NULL,_binary '\0',NULL,NULL,3,1,NULL,1),(837,'2027-09-13 10:22:56.000000',NULL,_binary '\0',_binary '','2027-10-12','Arroz',NULL,_binary '\0',NULL,NULL,1,1,NULL,1),(838,'2025-01-09 03:44:14.000000',NULL,_binary '\0',_binary '','2025-02-03','Arroz',NULL,_binary '\0',NULL,NULL,4,1,NULL,1),(839,'2024-05-14 20:58:45.000000',NULL,_binary '\0',_binary '','2024-06-11','Arroz',NULL,_binary '\0',NULL,NULL,2,1,NULL,1),(840,'2025-02-22 17:48:54.000000',NULL,_binary '',_binary '\0','2025-03-12','Arroz',NULL,_binary '\0',NULL,NULL,6,1,NULL,1),(841,'2024-04-08 09:14:36.000000',NULL,_binary '',_binary '\0','2024-04-11','Arroz',NULL,_binary '',NULL,NULL,2,1,NULL,1),(842,'2027-11-13 00:30:08.000000',NULL,_binary '\0',_binary '','2027-11-17','Arroz',NULL,_binary '\0',NULL,NULL,6,1,NULL,1),(843,'2024-08-28 00:57:38.000000',NULL,_binary '',_binary '\0','2024-09-25','Arroz',NULL,_binary '',NULL,NULL,3,1,NULL,1),(844,'2026-08-14 18:38:08.000000',NULL,_binary '',_binary '\0','2026-08-29','Arroz',NULL,_binary '\0',NULL,NULL,5,1,NULL,1),(845,'2026-05-01 10:24:03.000000',NULL,_binary '\0',_binary '','2026-05-21','Arroz',NULL,_binary '\0',NULL,NULL,1,1,NULL,1),(846,'2025-12-18 02:32:54.000000',NULL,_binary '\0',_binary '','2026-01-06','Arroz',NULL,_binary '\0',NULL,NULL,3,1,NULL,1),(847,'2024-02-18 22:57:42.000000',NULL,_binary '',_binary '','2024-03-10','Arroz',NULL,_binary '',NULL,NULL,6,1,NULL,1),(848,'2025-06-04 02:08:33.000000',NULL,_binary '\0',_binary '','2025-07-01','Arroz',NULL,_binary '\0',NULL,NULL,5,1,NULL,1),(849,'2025-03-23 01:45:53.000000',NULL,_binary '\0',_binary '\0','2025-04-14','Arroz',NULL,_binary '\0',NULL,NULL,5,1,NULL,1),(850,'2024-06-14 13:26:39.000000',NULL,_binary '\0',_binary '','2024-07-05','Arroz',NULL,_binary '\0',NULL,NULL,5,1,NULL,1),(851,'2025-12-17 06:24:38.000000',NULL,_binary '',_binary '','2026-01-15','Arroz',NULL,_binary '\0',NULL,NULL,3,1,NULL,1),(852,'2024-11-14 18:14:38.000000',NULL,_binary '\0',_binary '\0','2024-12-08','Arroz',NULL,_binary '\0',NULL,NULL,5,1,NULL,1),(853,'2025-03-24 06:32:02.000000',NULL,_binary '\0',_binary '\0','2025-04-10','Arroz',NULL,_binary '\0',NULL,NULL,5,1,NULL,1),(854,'2027-10-22 13:21:12.000000',NULL,_binary '',_binary '','2027-10-22','Arroz',NULL,_binary '\0',NULL,NULL,2,1,NULL,1),(855,'2024-01-02 08:55:48.000000',NULL,_binary '',_binary '\0','2024-01-10','Arroz',NULL,_binary '',NULL,NULL,6,1,NULL,1),(856,'2027-08-19 15:55:43.000000',NULL,_binary '',_binary '','2027-08-21','Arroz',NULL,_binary '\0',NULL,NULL,4,1,NULL,1),(857,'2025-10-04 13:37:39.000000',NULL,_binary '',_binary '','2025-10-30','Arroz',NULL,_binary '\0',NULL,NULL,5,1,NULL,1),(858,'2025-07-28 12:23:06.000000',NULL,_binary '\0',_binary '\0','2025-07-29','Arroz',NULL,_binary '\0',NULL,NULL,6,1,NULL,1),(859,'2024-04-30 21:35:22.000000',NULL,_binary '\0',_binary '','2024-04-30','Arroz',NULL,_binary '\0',NULL,NULL,3,1,NULL,1),(860,'2027-08-31 10:03:45.000000',NULL,_binary '\0',_binary '\0','2027-09-09','Arroz',NULL,_binary '\0',NULL,NULL,1,1,NULL,1),(861,'2026-08-09 22:07:21.000000',NULL,_binary '',_binary '','2026-08-25','Arroz',NULL,_binary '\0',NULL,NULL,2,1,NULL,1),(862,'2027-01-13 22:21:32.000000',NULL,_binary '\0',_binary '\0','2027-01-25','Arroz',NULL,_binary '\0',NULL,NULL,5,1,NULL,1),(863,'2024-12-11 02:45:16.000000',NULL,_binary '',_binary '','2024-12-19','Arroz',NULL,_binary '\0',NULL,NULL,4,1,NULL,1),(864,'2027-01-19 05:36:49.000000',NULL,_binary '',_binary '','2027-02-13','Arroz',NULL,_binary '\0',NULL,NULL,1,1,NULL,1),(865,'2024-01-04 16:52:35.000000',NULL,_binary '',_binary '\0','2024-01-23','Arroz',NULL,_binary '',NULL,NULL,6,1,NULL,1),(866,'2026-01-25 22:20:28.000000',NULL,_binary '\0',_binary '','2026-02-02','Arroz',NULL,_binary '\0',NULL,NULL,2,1,NULL,1),(867,'2026-02-10 19:22:43.000000',NULL,_binary '\0',_binary '','2026-03-07','Arroz',NULL,_binary '\0',NULL,NULL,5,1,NULL,1),(868,'2024-07-10 10:33:55.000000',NULL,_binary '',_binary '','2024-07-15','Arroz',NULL,_binary '',NULL,NULL,5,1,NULL,1),(869,'2025-01-22 00:45:34.000000',NULL,_binary '\0',_binary '','2025-02-05','Arroz',NULL,_binary '\0',NULL,NULL,3,1,NULL,1),(870,'2024-10-06 22:42:12.000000',NULL,_binary '\0',_binary '','2024-10-13','Arroz',NULL,_binary '\0',NULL,NULL,3,1,NULL,1),(871,'2025-01-06 01:50:42.000000',NULL,_binary '',_binary '','2025-01-21','Arroz',NULL,_binary '\0',NULL,NULL,1,1,NULL,1),(872,'2025-10-21 05:37:31.000000',NULL,_binary '',_binary '\0','2025-11-04','Arroz',NULL,_binary '\0',NULL,NULL,2,1,NULL,1),(873,'2026-06-14 10:44:30.000000',NULL,_binary '\0',_binary '','2026-06-15','Arroz',NULL,_binary '\0',NULL,NULL,2,1,NULL,1),(874,'2025-12-16 10:53:30.000000',NULL,_binary '',_binary '','2026-01-08','Arroz',NULL,_binary '\0',NULL,NULL,6,1,NULL,1),(875,'2026-01-28 16:37:26.000000',NULL,_binary '',_binary '\0','2026-02-12','Arroz',NULL,_binary '\0',NULL,NULL,2,1,NULL,1),(876,'2025-12-02 19:15:37.000000',NULL,_binary '',_binary '\0','2025-12-17','Arroz',NULL,_binary '\0',NULL,NULL,2,1,NULL,1),(877,'2027-10-30 20:37:02.000000',NULL,_binary '\0',_binary '','2027-11-10','Arroz',NULL,_binary '\0',NULL,NULL,2,1,NULL,1),(878,'2025-01-22 11:58:39.000000',NULL,_binary '',_binary '\0','2025-02-18','Arroz',NULL,_binary '\0',NULL,NULL,4,1,NULL,1),(879,'2027-07-12 20:34:05.000000',NULL,_binary '',_binary '','2027-07-16','Arroz',NULL,_binary '\0',NULL,NULL,6,1,NULL,1),(880,'2024-05-17 17:55:34.000000',NULL,_binary '\0',_binary '\0','2024-06-08','Arroz',NULL,_binary '\0',NULL,NULL,4,1,NULL,1),(881,'2024-03-08 06:24:27.000000',NULL,_binary '\0',_binary '\0','2024-03-16','Arroz',NULL,_binary '\0',NULL,NULL,6,1,NULL,1),(882,'2027-09-21 18:10:37.000000',NULL,_binary '',_binary '','2027-10-06','Arroz',NULL,_binary '\0',NULL,NULL,3,1,NULL,1),(883,'2026-05-16 17:00:35.000000',NULL,_binary '',_binary '','2026-05-20','Arroz',NULL,_binary '\0',NULL,NULL,5,1,NULL,1),(884,'2027-08-30 13:36:07.000000',NULL,_binary '\0',_binary '','2027-09-10','Arroz',NULL,_binary '\0',NULL,NULL,5,1,NULL,1),(885,'2026-07-25 22:04:37.000000',NULL,_binary '',_binary '','2026-07-26','Arroz',NULL,_binary '\0',NULL,NULL,3,1,NULL,1),(886,'2027-09-25 09:54:27.000000',NULL,_binary '\0',_binary '\0','2027-10-12','Arroz',NULL,_binary '\0',NULL,NULL,5,1,NULL,1),(887,'2027-06-10 02:57:04.000000',NULL,_binary '\0',_binary '','2027-07-06','Arroz',NULL,_binary '\0',NULL,NULL,1,1,NULL,1),(888,'2026-01-07 10:18:06.000000',NULL,_binary '',_binary '','2026-01-20','Arroz',NULL,_binary '\0',NULL,NULL,5,1,NULL,1),(889,'2024-05-09 08:38:16.000000',NULL,_binary '',_binary '','2024-05-18','Arroz',NULL,_binary '',NULL,NULL,6,1,NULL,1),(890,'2025-04-29 01:52:41.000000',NULL,_binary '\0',_binary '','2025-05-15','Arroz',NULL,_binary '\0',NULL,NULL,4,1,NULL,1),(891,'2027-10-31 05:18:31.000000',NULL,_binary '\0',_binary '\0','2027-11-21','Arroz',NULL,_binary '\0',NULL,NULL,2,1,NULL,1),(892,'2027-06-03 15:33:15.000000',NULL,_binary '',_binary '\0','2027-06-04','Arroz',NULL,_binary '\0',NULL,NULL,1,1,NULL,1),(893,'2024-08-20 14:02:44.000000',NULL,_binary '\0',_binary '\0','2024-08-23','Arroz',NULL,_binary '\0',NULL,NULL,1,1,NULL,1),(894,'2027-09-03 10:58:18.000000',NULL,_binary '',_binary '\0','2027-09-26','Arroz',NULL,_binary '\0',NULL,NULL,1,1,NULL,1),(895,'2024-08-12 11:07:44.000000',NULL,_binary '',_binary '','2024-09-07','Arroz',NULL,_binary '',NULL,NULL,5,1,NULL,1),(896,'2025-07-05 10:37:02.000000',NULL,_binary '\0',_binary '\0','2025-07-08','Arroz',NULL,_binary '\0',NULL,NULL,2,1,NULL,1),(897,'2025-01-19 08:54:13.000000',NULL,_binary '\0',_binary '\0','2025-02-14','Arroz',NULL,_binary '\0',NULL,NULL,5,1,NULL,1),(898,'2027-12-15 18:47:48.000000',NULL,_binary '',_binary '\0','2027-12-17','Arroz',NULL,_binary '\0',NULL,NULL,2,1,NULL,1),(899,'2025-05-17 17:40:03.000000',NULL,_binary '',_binary '\0','2025-05-23','Arroz',NULL,_binary '\0',NULL,NULL,1,1,NULL,1),(900,'2026-04-15 16:46:37.000000',NULL,_binary '',_binary '','2026-05-04','Arroz',NULL,_binary '\0',NULL,NULL,6,1,NULL,1),(901,'2025-09-11 11:45:30.000000',NULL,_binary '\0',_binary '\0','2025-09-26','Arroz',NULL,_binary '\0',NULL,NULL,3,1,NULL,1),(902,'2025-05-15 13:37:03.000000',NULL,_binary '',_binary '\0','2025-05-23','Arroz',NULL,_binary '\0',NULL,NULL,3,1,NULL,1),(903,'2024-08-04 12:53:53.000000',NULL,_binary '\0',_binary '','2024-08-12','Arroz',NULL,_binary '\0',NULL,NULL,4,1,NULL,1),(904,'2024-07-17 21:27:16.000000',NULL,_binary '\0',_binary '','2024-08-14','Arroz',NULL,_binary '\0',NULL,NULL,6,1,NULL,1),(905,'2026-04-12 04:36:04.000000',NULL,_binary '\0',_binary '','2026-04-29','Arroz',NULL,_binary '\0',NULL,NULL,6,1,NULL,1),(906,'2026-11-25 22:55:25.000000',NULL,_binary '',_binary '\0','2026-12-20','Arroz',NULL,_binary '\0',NULL,NULL,5,1,NULL,1),(907,'2026-07-07 15:37:29.000000',NULL,_binary '\0',_binary '','2026-07-16','Arroz',NULL,_binary '\0',NULL,NULL,6,1,NULL,1),(908,'2027-03-17 03:37:11.000000',NULL,_binary '\0',_binary '\0','2027-03-28','Arroz',NULL,_binary '\0',NULL,NULL,1,1,NULL,1),(909,'2024-07-23 12:38:54.000000',NULL,_binary '\0',_binary '\0','2024-08-17','Arroz',NULL,_binary '\0',NULL,NULL,5,1,NULL,1),(910,'2027-08-16 11:43:09.000000',NULL,_binary '',_binary '\0','2027-09-01','Arroz',NULL,_binary '\0',NULL,NULL,2,1,NULL,1),(911,'2027-08-16 14:29:49.000000',NULL,_binary '\0',_binary '','2027-09-01','Arroz',NULL,_binary '\0',NULL,NULL,4,1,NULL,1),(912,'2026-08-10 06:57:57.000000',NULL,_binary '\0',_binary '','2026-08-25','Arroz',NULL,_binary '\0',NULL,NULL,5,1,NULL,1),(913,'2024-08-03 13:00:51.000000',NULL,_binary '\0',_binary '','2024-08-25','Arroz',NULL,_binary '\0',NULL,NULL,4,1,NULL,1),(914,'2027-08-09 14:42:34.000000',NULL,_binary '\0',_binary '','2027-08-29','Arroz',NULL,_binary '\0',NULL,NULL,4,1,NULL,1),(915,'2024-01-07 04:00:50.000000',NULL,_binary '',_binary '','2024-01-24','Arroz',NULL,_binary '',NULL,NULL,1,1,NULL,1),(916,'2026-03-15 14:06:49.000000',NULL,_binary '\0',_binary '','2026-03-29','Arroz',NULL,_binary '\0',NULL,NULL,3,1,NULL,1),(917,'2026-07-31 23:12:41.000000',NULL,_binary '',_binary '','2026-08-07','Arroz',NULL,_binary '\0',NULL,NULL,4,1,NULL,1),(918,'2027-07-09 19:16:53.000000',NULL,_binary '\0',_binary '\0','2027-07-15','Arroz',NULL,_binary '\0',NULL,NULL,4,1,NULL,1),(919,'2026-08-24 07:53:53.000000',NULL,_binary '',_binary '\0','2026-09-10','Arroz',NULL,_binary '\0',NULL,NULL,6,1,NULL,1),(920,'2024-07-05 17:09:31.000000',NULL,_binary '\0',_binary '','2024-07-19','Arroz',NULL,_binary '\0',NULL,NULL,6,1,NULL,1),(921,'2024-09-27 04:07:11.000000',NULL,_binary '\0',_binary '','2024-09-29','Arroz',NULL,_binary '\0',NULL,NULL,3,1,NULL,1),(922,'2027-07-22 03:52:50.000000',NULL,_binary '\0',_binary '\0','2027-08-10','Arroz',NULL,_binary '\0',NULL,NULL,4,1,NULL,1),(923,'2027-10-02 23:26:08.000000',NULL,_binary '\0',_binary '\0','2027-10-25','Arroz',NULL,_binary '\0',NULL,NULL,5,1,NULL,1),(924,'2025-09-26 21:21:57.000000',NULL,_binary '\0',_binary '\0','2025-10-22','Arroz',NULL,_binary '\0',NULL,NULL,2,1,NULL,1),(925,'2024-12-13 16:19:04.000000',NULL,_binary '',_binary '\0','2025-01-07','Arroz',NULL,_binary '\0',NULL,NULL,2,1,NULL,1),(926,'2024-12-30 17:50:32.000000',NULL,_binary '',_binary '','2025-01-03','Arroz',NULL,_binary '\0',NULL,NULL,6,1,NULL,1),(927,'2024-10-03 03:45:36.000000',NULL,_binary '\0',_binary '','2024-10-15','Arroz',NULL,_binary '\0',NULL,NULL,2,1,NULL,1),(928,'2027-01-26 05:57:39.000000',NULL,_binary '',_binary '','2027-02-22','Arroz',NULL,_binary '\0',NULL,NULL,5,1,NULL,1),(929,'2027-04-20 23:57:05.000000',NULL,_binary '',_binary '','2027-04-29','Arroz',NULL,_binary '\0',NULL,NULL,5,1,NULL,1),(930,'2024-05-26 02:25:26.000000',NULL,_binary '\0',_binary '','2024-06-23','Arroz',NULL,_binary '\0',NULL,NULL,5,1,NULL,1),(931,'2025-12-11 09:43:17.000000',NULL,_binary '',_binary '','2025-12-22','Arroz',NULL,_binary '\0',NULL,NULL,1,1,NULL,1),(932,'2027-12-20 21:32:35.000000',NULL,_binary '',_binary '','2028-01-11','Arroz',NULL,_binary '\0',NULL,NULL,1,1,NULL,1),(933,'2026-01-17 02:49:21.000000',NULL,_binary '\0',_binary '','2026-01-28','Arroz',NULL,_binary '\0',NULL,NULL,1,1,NULL,1),(934,'2026-10-02 22:50:05.000000',NULL,_binary '',_binary '','2026-10-30','Arroz',NULL,_binary '\0',NULL,NULL,6,1,NULL,1),(935,'2027-02-22 03:42:53.000000',NULL,_binary '\0',_binary '','2027-03-17','Arroz',NULL,_binary '\0',NULL,NULL,1,1,NULL,1),(936,'2024-10-23 16:18:56.000000',NULL,_binary '',_binary '','2024-10-28','Arroz',NULL,_binary '',NULL,NULL,1,1,NULL,1),(937,'2024-07-09 06:24:08.000000',NULL,_binary '',_binary '','2024-07-31','Arroz',NULL,_binary '',NULL,NULL,6,1,NULL,1),(938,'2026-08-09 07:51:58.000000',NULL,_binary '',_binary '\0','2026-08-12','Arroz',NULL,_binary '\0',NULL,NULL,3,1,NULL,1),(939,'2025-03-24 12:24:43.000000',NULL,_binary '',_binary '','2025-04-19','Arroz',NULL,_binary '\0',NULL,NULL,1,1,NULL,1),(940,'2026-07-09 23:58:42.000000',NULL,_binary '\0',_binary '','2026-07-18','Arroz',NULL,_binary '\0',NULL,NULL,1,1,NULL,1),(941,'2024-04-02 07:25:37.000000',NULL,_binary '\0',_binary '','2024-04-08','Arroz',NULL,_binary '\0',NULL,NULL,4,1,NULL,1),(942,'2024-01-30 11:43:47.000000',NULL,_binary '\0',_binary '\0','2024-02-01','Arroz',NULL,_binary '\0',NULL,NULL,1,1,NULL,1),(943,'2024-02-01 22:55:37.000000',NULL,_binary '',_binary '','2024-02-11','Arroz',NULL,_binary '',NULL,NULL,4,1,NULL,1),(944,'2024-09-29 23:52:43.000000',NULL,_binary '\0',_binary '\0','2024-10-05','Arroz',NULL,_binary '\0',NULL,NULL,5,1,NULL,1),(945,'2025-07-22 12:30:54.000000',NULL,_binary '\0',_binary '','2025-08-16','Arroz',NULL,_binary '\0',NULL,NULL,3,1,NULL,1),(946,'2024-10-08 22:01:39.000000',NULL,_binary '\0',_binary '\0','2024-10-22','Arroz',NULL,_binary '\0',NULL,NULL,3,1,NULL,1),(947,'2027-10-20 07:52:51.000000',NULL,_binary '',_binary '','2027-11-01','Arroz',NULL,_binary '\0',NULL,NULL,2,1,NULL,1),(948,'2026-08-26 18:49:57.000000',NULL,_binary '',_binary '\0','2026-09-17','Arroz',NULL,_binary '\0',NULL,NULL,6,1,NULL,1),(949,'2027-10-30 06:05:48.000000',NULL,_binary '\0',_binary '\0','2027-11-26','Arroz',NULL,_binary '\0',NULL,NULL,6,1,NULL,1),(950,'2027-11-23 00:36:16.000000',NULL,_binary '\0',_binary '','2027-11-25','Arroz',NULL,_binary '\0',NULL,NULL,4,1,NULL,1),(951,'2026-09-22 15:46:06.000000',NULL,_binary '\0',_binary '\0','2026-10-04','Arroz',NULL,_binary '\0',NULL,NULL,3,1,NULL,1),(952,'2027-07-12 02:53:02.000000',NULL,_binary '',_binary '\0','2027-07-17','Arroz',NULL,_binary '\0',NULL,NULL,5,1,NULL,1),(953,'2027-10-03 14:22:38.000000',NULL,_binary '\0',_binary '\0','2027-10-30','Arroz',NULL,_binary '\0',NULL,NULL,2,1,NULL,1),(954,'2027-03-05 01:07:26.000000',NULL,_binary '',_binary '\0','2027-03-06','Arroz',NULL,_binary '\0',NULL,NULL,5,1,NULL,1),(955,'2027-12-23 12:19:41.000000',NULL,_binary '',_binary '\0','2027-12-27','Arroz',NULL,_binary '\0',NULL,NULL,4,1,NULL,1),(956,'2026-10-29 15:08:19.000000',NULL,_binary '\0',_binary '\0','2026-11-05','Arroz',NULL,_binary '\0',NULL,NULL,3,1,NULL,1),(957,'2025-05-25 12:00:05.000000',NULL,_binary '\0',_binary '','2025-06-06','Arroz',NULL,_binary '\0',NULL,NULL,5,1,NULL,1),(958,'2027-02-28 12:52:54.000000',NULL,_binary '\0',_binary '','2027-03-23','Arroz',NULL,_binary '\0',NULL,NULL,1,1,NULL,1),(959,'2024-10-12 15:19:47.000000',NULL,_binary '',_binary '\0','2024-11-04','Arroz',NULL,_binary '',NULL,NULL,4,1,NULL,1),(960,'2026-05-24 04:57:37.000000',NULL,_binary '\0',_binary '','2026-05-27','Arroz',NULL,_binary '\0',NULL,NULL,6,1,NULL,1),(961,'2024-07-19 23:45:25.000000',NULL,_binary '',_binary '','2024-08-16','Arroz',NULL,_binary '',NULL,NULL,4,1,NULL,1),(962,'2025-08-17 01:32:56.000000',NULL,_binary '\0',_binary '\0','2025-08-24','Arroz',NULL,_binary '\0',NULL,NULL,2,1,NULL,1),(963,'2027-02-13 23:46:32.000000',NULL,_binary '',_binary '\0','2027-03-02','Arroz',NULL,_binary '\0',NULL,NULL,5,1,NULL,1),(964,'2026-12-19 14:26:03.000000',NULL,_binary '',_binary '\0','2026-12-23','Arroz',NULL,_binary '\0',NULL,NULL,3,1,NULL,1),(965,'2026-01-30 10:51:34.000000',NULL,_binary '',_binary '\0','2026-02-16','Arroz',NULL,_binary '\0',NULL,NULL,4,1,NULL,1),(966,'2027-09-11 00:08:19.000000',NULL,_binary '\0',_binary '\0','2027-09-26','Arroz',NULL,_binary '\0',NULL,NULL,6,1,NULL,1),(967,'2026-09-19 20:17:12.000000',NULL,_binary '\0',_binary '\0','2026-10-02','Arroz',NULL,_binary '\0',NULL,NULL,1,1,NULL,1),(968,'2027-04-01 23:16:57.000000',NULL,_binary '\0',_binary '\0','2027-04-16','Arroz',NULL,_binary '\0',NULL,NULL,2,1,NULL,1),(969,'2025-04-26 02:23:41.000000',NULL,_binary '',_binary '\0','2025-05-17','Arroz',NULL,_binary '\0',NULL,NULL,5,1,NULL,1),(970,'2027-07-23 00:56:14.000000',NULL,_binary '',_binary '','2027-08-21','Arroz',NULL,_binary '\0',NULL,NULL,3,1,NULL,1),(971,'2027-04-23 02:01:32.000000',NULL,_binary '',_binary '\0','2027-05-04','Arroz',NULL,_binary '\0',NULL,NULL,4,1,NULL,1),(972,'2027-02-22 04:13:49.000000',NULL,_binary '',_binary '\0','2027-03-18','Arroz',NULL,_binary '\0',NULL,NULL,6,1,NULL,1),(973,'2027-10-03 01:14:17.000000',NULL,_binary '\0',_binary '\0','2027-10-30','Arroz',NULL,_binary '\0',NULL,NULL,3,1,NULL,1),(974,'2025-10-16 22:07:48.000000',NULL,_binary '\0',_binary '','2025-10-16','Arroz',NULL,_binary '\0',NULL,NULL,3,1,NULL,1),(975,'2024-03-19 23:51:47.000000',NULL,_binary '',_binary '\0','2024-04-15','Arroz',NULL,_binary '',NULL,NULL,2,1,NULL,1),(976,'2027-09-05 14:49:28.000000',NULL,_binary '\0',_binary '','2027-10-03','Arroz',NULL,_binary '\0',NULL,NULL,3,1,NULL,1),(977,'2025-01-20 00:50:09.000000',NULL,_binary '\0',_binary '','2025-02-15','Arroz',NULL,_binary '\0',NULL,NULL,1,1,NULL,1),(978,'2026-04-30 17:59:47.000000',NULL,_binary '\0',_binary '','2026-05-23','Arroz',NULL,_binary '\0',NULL,NULL,5,1,NULL,1),(979,'2024-03-09 04:16:12.000000',NULL,_binary '',_binary '\0','2024-04-02','Arroz',NULL,_binary '',NULL,NULL,3,1,NULL,1),(980,'2027-12-07 10:31:42.000000',NULL,_binary '\0',_binary '','2027-12-29','Arroz',NULL,_binary '\0',NULL,NULL,1,1,NULL,1),(981,'2027-05-18 04:33:58.000000',NULL,_binary '\0',_binary '','2027-05-26','Arroz',NULL,_binary '\0',NULL,NULL,6,1,NULL,1),(982,'2027-08-02 14:41:04.000000',NULL,_binary '\0',_binary '\0','2027-08-29','Arroz',NULL,_binary '\0',NULL,NULL,4,1,NULL,1),(983,'2025-08-26 03:19:44.000000',NULL,_binary '\0',_binary '','2025-09-21','Arroz',NULL,_binary '\0',NULL,NULL,6,1,NULL,1),(984,'2024-01-16 05:27:31.000000',NULL,_binary '\0',_binary '','2024-02-12','Arroz',NULL,_binary '\0',NULL,NULL,6,1,NULL,1),(985,'2024-12-27 06:16:10.000000',NULL,_binary '',_binary '\0','2025-01-09','Arroz',NULL,_binary '\0',NULL,NULL,2,1,NULL,1),(986,'2026-11-18 22:33:54.000000',NULL,_binary '',_binary '','2026-12-09','Arroz',NULL,_binary '\0',NULL,NULL,1,1,NULL,1),(987,'2024-03-30 03:41:20.000000',NULL,_binary '',_binary '\0','2024-04-15','Arroz',NULL,_binary '',NULL,NULL,2,1,NULL,1),(988,'2027-12-17 23:45:39.000000',NULL,_binary '',_binary '','2028-01-05','Arroz',NULL,_binary '\0',NULL,NULL,3,1,NULL,1),(989,'2025-09-17 17:26:19.000000',NULL,_binary '\0',_binary '','2025-10-09','Arroz',NULL,_binary '\0',NULL,NULL,1,1,NULL,1),(990,'2025-05-21 08:29:09.000000',NULL,_binary '',_binary '','2025-06-11','Arroz',NULL,_binary '\0',NULL,NULL,5,1,NULL,1),(991,'2027-08-30 03:41:49.000000',NULL,_binary '\0',_binary '','2027-09-04','Arroz',NULL,_binary '\0',NULL,NULL,6,1,NULL,1),(992,'2025-05-26 19:20:48.000000',NULL,_binary '',_binary '\0','2025-06-08','Arroz',NULL,_binary '\0',NULL,NULL,5,1,NULL,1),(993,'2026-02-13 08:17:06.000000',NULL,_binary '\0',_binary '','2026-03-08','Arroz',NULL,_binary '\0',NULL,NULL,6,1,NULL,1),(994,'2025-07-05 01:57:45.000000',NULL,_binary '\0',_binary '\0','2025-07-29','Arroz',NULL,_binary '\0',NULL,NULL,5,1,NULL,1),(995,'2024-04-26 06:40:34.000000',NULL,_binary '\0',_binary '','2024-04-30','Arroz',NULL,_binary '\0',NULL,NULL,6,1,NULL,1),(996,'2026-02-20 16:18:54.000000',NULL,_binary '',_binary '','2026-02-28','Arroz',NULL,_binary '\0',NULL,NULL,4,1,NULL,1),(997,'2027-11-20 04:39:46.000000',NULL,_binary '\0',_binary '','2027-11-28','Arroz',NULL,_binary '\0',NULL,NULL,2,1,NULL,1),(998,'2026-08-13 09:27:19.000000',NULL,_binary '\0',_binary '','2026-08-19','Arroz',NULL,_binary '\0',NULL,NULL,4,1,NULL,1),(999,'2024-02-12 12:58:13.000000',NULL,_binary '',_binary '\0','2024-02-25','Arroz',NULL,_binary '',NULL,NULL,5,1,NULL,1),(1000,'2027-01-13 08:30:07.000000',NULL,_binary '\0',_binary '\0','2027-01-29','Arroz',NULL,_binary '\0',NULL,NULL,4,1,NULL,1),(1001,'2027-09-19 02:35:52.000000',NULL,_binary '',_binary '\0','2027-10-16','Arroz',NULL,_binary '\0',NULL,NULL,2,1,NULL,1),(1002,'2026-11-02 16:00:26.000000',NULL,_binary '\0',_binary '\0','2026-11-17','Arroz',NULL,_binary '\0',NULL,NULL,4,1,NULL,1),(1003,'2024-03-23 17:00:28.000000',NULL,_binary '\0',_binary '','2024-04-10','Arroz',NULL,_binary '\0',NULL,NULL,5,1,NULL,1),(1004,'2025-02-24 23:04:07.000000',NULL,_binary '',_binary '','2025-03-05','Arroz',NULL,_binary '\0',NULL,NULL,1,1,NULL,1),(1005,'2026-11-13 04:04:47.000000',NULL,_binary '',_binary '','2026-12-06','Arroz',NULL,_binary '\0',NULL,NULL,6,1,NULL,1),(1006,'2026-05-29 01:01:07.000000',NULL,_binary '\0',_binary '','2026-06-05','Arroz',NULL,_binary '\0',NULL,NULL,4,1,NULL,1),(1007,'2025-01-01 10:33:34.000000',NULL,_binary '\0',_binary '','2025-01-08','Arroz',NULL,_binary '\0',NULL,NULL,3,1,NULL,1),(1008,'2026-12-22 05:20:59.000000',NULL,_binary '',_binary '','2026-12-23','Arroz',NULL,_binary '\0',NULL,NULL,1,1,NULL,1),(1009,'2027-11-26 19:26:11.000000',NULL,_binary '\0',_binary '\0','2027-12-10','Arroz',NULL,_binary '\0',NULL,NULL,6,1,NULL,1),(1010,'2025-05-20 19:53:28.000000',NULL,_binary '\0',_binary '\0','2025-06-16','Arroz',NULL,_binary '\0',NULL,NULL,3,1,NULL,1),(1011,'2025-02-01 03:58:34.000000',NULL,_binary '\0',_binary '','2025-02-24','Arroz',NULL,_binary '\0',NULL,NULL,2,1,NULL,1),(1012,'2026-03-05 04:56:08.000000',NULL,_binary '\0',_binary '\0','2026-03-24','Arroz',NULL,_binary '\0',NULL,NULL,1,1,NULL,1),(1013,'2026-01-13 07:06:11.000000',NULL,_binary '',_binary '','2026-01-28','Arroz',NULL,_binary '\0',NULL,NULL,6,1,NULL,1),(1014,'2024-11-21 06:02:59.000000',NULL,_binary '',_binary '\0','2024-11-28','Arroz',NULL,_binary '\0',NULL,NULL,4,1,NULL,1),(1015,'2025-05-27 21:37:41.000000',NULL,_binary '\0',_binary '','2025-06-09','Arroz',NULL,_binary '\0',NULL,NULL,4,1,NULL,1),(1016,'2025-04-27 01:23:43.000000',NULL,_binary '\0',_binary '\0','2025-05-18','Arroz',NULL,_binary '\0',NULL,NULL,4,1,NULL,1),(1017,'2027-01-06 01:07:18.000000',NULL,_binary '',_binary '','2027-01-24','Arroz',NULL,_binary '\0',NULL,NULL,1,1,NULL,1),(1018,'2025-01-12 04:49:28.000000',NULL,_binary '\0',_binary '','2025-01-13','Arroz',NULL,_binary '\0',NULL,NULL,4,1,NULL,1),(1019,'2027-08-01 15:36:31.000000',NULL,_binary '',_binary '','2027-08-20','Arroz',NULL,_binary '\0',NULL,NULL,4,1,NULL,1),(1020,'2025-04-27 16:17:55.000000',NULL,_binary '\0',_binary '','2025-05-17','Arroz',NULL,_binary '\0',NULL,NULL,4,1,NULL,1),(1021,'2026-07-10 12:30:43.000000',NULL,_binary '',_binary '','2026-08-04','Arroz',NULL,_binary '\0',NULL,NULL,2,1,NULL,1),(1022,'2027-05-14 08:48:00.000000',NULL,_binary '\0',_binary '\0','2027-05-21','Arroz',NULL,_binary '\0',NULL,NULL,6,1,NULL,1),(1023,'2026-10-08 19:51:28.000000',NULL,_binary '\0',_binary '','2026-11-03','Arroz',NULL,_binary '\0',NULL,NULL,6,1,NULL,1),(1024,'2024-03-11 10:34:56.000000',NULL,_binary '\0',_binary '','2024-04-01','Arroz',NULL,_binary '\0',NULL,NULL,5,1,NULL,1),(1025,'2024-10-04 22:27:33.000000',NULL,_binary '\0',_binary '','2024-10-14','Arroz',NULL,_binary '\0',NULL,NULL,4,1,NULL,1),(1026,'2026-02-23 03:31:52.000000',NULL,_binary '\0',_binary '\0','2026-03-10','Arroz',NULL,_binary '\0',NULL,NULL,1,1,NULL,1),(1027,'2026-12-11 12:12:36.000000',NULL,_binary '\0',_binary '\0','2027-01-01','Arroz',NULL,_binary '\0',NULL,NULL,1,1,NULL,1),(1028,'2025-03-24 06:58:37.000000',NULL,_binary '',_binary '','2025-04-03','Arroz',NULL,_binary '\0',NULL,NULL,3,1,NULL,1),(1029,'2027-03-30 22:41:31.000000',NULL,_binary '\0',_binary '','2027-04-06','Arroz',NULL,_binary '\0',NULL,NULL,3,1,NULL,1),(1030,'2025-03-02 05:14:34.000000',NULL,_binary '\0',_binary '\0','2025-03-16','Arroz',NULL,_binary '\0',NULL,NULL,1,1,NULL,1),(1031,'2024-04-15 01:30:25.000000',NULL,_binary '\0',_binary '\0','2024-04-21','Arroz',NULL,_binary '\0',NULL,NULL,1,1,NULL,1),(1032,'2024-07-14 04:59:52.000000',NULL,_binary '',_binary '','2024-08-11','Arroz',NULL,_binary '',NULL,NULL,1,1,NULL,1),(1033,'2025-07-13 18:26:21.000000',NULL,_binary '',_binary '\0','2025-08-02','Arroz',NULL,_binary '\0',NULL,NULL,6,1,NULL,1),(1034,'2026-12-13 19:38:07.000000',NULL,_binary '',_binary '','2026-12-14','Arroz',NULL,_binary '\0',NULL,NULL,3,1,NULL,1),(1035,'2027-03-13 20:25:47.000000',NULL,_binary '',_binary '','2027-03-16','Arroz',NULL,_binary '\0',NULL,NULL,2,1,NULL,1),(1036,'2025-03-26 13:33:11.000000',NULL,_binary '',_binary '','2025-04-03','Arroz',NULL,_binary '\0',NULL,NULL,1,1,NULL,1),(1037,'2025-11-06 02:37:36.000000',NULL,_binary '\0',_binary '\0','2025-12-02','Arroz',NULL,_binary '\0',NULL,NULL,6,1,NULL,1),(1038,'2024-07-31 20:53:27.000000',NULL,_binary '',_binary '','2024-08-02','Arroz',NULL,_binary '',NULL,NULL,3,1,NULL,1),(1039,'2024-05-22 02:29:07.000000',NULL,_binary '\0',_binary '','2024-06-02','Arroz',NULL,_binary '\0',NULL,NULL,4,1,NULL,1),(1040,'2025-10-08 15:21:19.000000',NULL,_binary '',_binary '\0','2025-10-25','Arroz',NULL,_binary '\0',NULL,NULL,4,1,NULL,1),(1041,'2024-05-04 17:47:32.000000',NULL,_binary '\0',_binary '\0','2024-05-27','Arroz',NULL,_binary '\0',NULL,NULL,5,1,NULL,1),(1042,'2026-11-06 03:19:32.000000',NULL,_binary '',_binary '\0','2026-11-09','Arroz',NULL,_binary '\0',NULL,NULL,3,1,NULL,1),(1043,'2024-04-07 21:34:48.000000',NULL,_binary '\0',_binary '','2024-04-07','Arroz',NULL,_binary '\0',NULL,NULL,5,1,NULL,1),(1044,'2026-09-22 04:00:09.000000',NULL,_binary '',_binary '\0','2026-10-17','Arroz',NULL,_binary '\0',NULL,NULL,6,1,NULL,1),(1045,'2024-07-21 20:56:19.000000',NULL,_binary '',_binary '\0','2024-08-11','Arroz',NULL,_binary '',NULL,NULL,2,1,NULL,1),(1046,'2024-08-01 22:48:58.000000',NULL,_binary '\0',_binary '','2024-08-20','Arroz',NULL,_binary '\0',NULL,NULL,1,1,NULL,1),(1047,'2025-10-10 23:49:29.000000',NULL,_binary '',_binary '\0','2025-11-08','Arroz',NULL,_binary '\0',NULL,NULL,3,1,NULL,1),(1048,'2027-10-25 15:15:37.000000',NULL,_binary '\0',_binary '','2027-11-05','Arroz',NULL,_binary '\0',NULL,NULL,6,1,NULL,1),(1049,'2026-08-23 09:36:43.000000',NULL,_binary '\0',_binary '','2026-09-03','Arroz',NULL,_binary '\0',NULL,NULL,2,1,NULL,1),(1050,'2024-09-16 02:04:35.000000',NULL,_binary '',_binary '\0','2024-09-30','Arroz',NULL,_binary '',NULL,NULL,5,1,NULL,1),(1051,'2025-01-17 01:33:37.000000',NULL,_binary '',_binary '','2025-02-13','Arroz',NULL,_binary '\0',NULL,NULL,1,1,NULL,1),(1052,'2025-03-19 12:14:34.000000',NULL,_binary '',_binary '','2025-03-31','Arroz',NULL,_binary '\0',NULL,NULL,1,1,NULL,1),(1053,'2024-12-05 20:48:24.000000',NULL,_binary '',_binary '','2024-12-05','Arroz',NULL,_binary '\0',NULL,NULL,2,1,NULL,1),(1054,'2025-03-25 18:02:51.000000',NULL,_binary '',_binary '','2025-03-28','Arroz',NULL,_binary '\0',NULL,NULL,5,1,NULL,1),(1055,'2025-11-25 02:28:51.000000',NULL,_binary '\0',_binary '\0','2025-12-07','Arroz',NULL,_binary '\0',NULL,NULL,5,1,NULL,1),(1056,'2025-08-17 19:28:50.000000',NULL,_binary '',_binary '','2025-08-24','Arroz',NULL,_binary '\0',NULL,NULL,1,1,NULL,1),(1057,'2025-05-12 15:16:36.000000',NULL,_binary '\0',_binary '','2025-06-10','Arroz',NULL,_binary '\0',NULL,NULL,2,1,NULL,1),(1058,'2025-02-22 16:27:36.000000',NULL,_binary '',_binary '','2025-03-01','Arroz',NULL,_binary '\0',NULL,NULL,6,1,NULL,1),(1059,'2026-05-04 07:54:15.000000',NULL,_binary '',_binary '\0','2026-05-23','Arroz',NULL,_binary '\0',NULL,NULL,6,1,NULL,1),(1060,'2025-04-07 00:38:45.000000',NULL,_binary '\0',_binary '','2025-04-25','Arroz',NULL,_binary '\0',NULL,NULL,4,1,NULL,1),(1061,'2025-04-16 16:28:29.000000',NULL,_binary '\0',_binary '\0','2025-05-13','Arroz',NULL,_binary '\0',NULL,NULL,5,1,NULL,1),(1062,'2027-11-14 15:16:11.000000',NULL,_binary '\0',_binary '\0','2027-11-30','Arroz',NULL,_binary '\0',NULL,NULL,2,1,NULL,1),(1063,'2027-03-24 04:13:23.000000',NULL,_binary '\0',_binary '','2027-04-06','Arroz',NULL,_binary '\0',NULL,NULL,6,1,NULL,1),(1064,'2025-05-12 21:31:17.000000',NULL,_binary '\0',_binary '','2025-06-02','Arroz',NULL,_binary '\0',NULL,NULL,5,1,NULL,1),(1065,'2025-02-07 08:13:30.000000',NULL,_binary '',_binary '\0','2025-02-16','Arroz',NULL,_binary '\0',NULL,NULL,3,1,NULL,1),(1066,'2025-03-24 03:46:16.000000',NULL,_binary '',_binary '','2025-04-12','Arroz',NULL,_binary '\0',NULL,NULL,5,1,NULL,1),(1067,'2026-10-25 07:38:30.000000',NULL,_binary '\0',_binary '\0','2026-11-15','Arroz',NULL,_binary '\0',NULL,NULL,3,1,NULL,1),(1068,'2026-07-12 01:30:13.000000',NULL,_binary '\0',_binary '','2026-07-18','Arroz',NULL,_binary '\0',NULL,NULL,3,1,NULL,1),(1069,'2025-04-25 11:06:07.000000',NULL,_binary '\0',_binary '\0','2025-05-01','Arroz',NULL,_binary '\0',NULL,NULL,3,1,NULL,1),(1070,'2024-11-01 22:17:48.000000',NULL,_binary '\0',_binary '\0','2024-11-14','Arroz',NULL,_binary '\0',NULL,NULL,2,1,NULL,1),(1071,'2025-02-10 10:13:31.000000',NULL,_binary '\0',_binary '\0','2025-02-12','Arroz',NULL,_binary '\0',NULL,NULL,6,1,NULL,1),(1072,'2024-12-21 11:46:08.000000',NULL,_binary '',_binary '\0','2025-01-05','Arroz',NULL,_binary '\0',NULL,NULL,2,1,NULL,1),(1073,'2026-06-20 08:36:25.000000',NULL,_binary '',_binary '','2026-06-29','Arroz',NULL,_binary '\0',NULL,NULL,5,1,NULL,1),(1074,'2025-12-18 09:34:45.000000',NULL,_binary '',_binary '\0','2025-12-31','Arroz',NULL,_binary '\0',NULL,NULL,1,1,NULL,1),(1075,'2024-09-03 12:06:37.000000',NULL,_binary '\0',_binary '','2024-09-26','Arroz',NULL,_binary '\0',NULL,NULL,2,1,NULL,1),(1076,'2027-02-17 05:33:33.000000',NULL,_binary '',_binary '\0','2027-02-26','Arroz',NULL,_binary '\0',NULL,NULL,4,1,NULL,1),(1077,'2026-12-21 02:25:24.000000',NULL,_binary '\0',_binary '\0','2027-01-05','Arroz',NULL,_binary '\0',NULL,NULL,3,1,NULL,1),(1078,'2025-09-13 22:27:02.000000',NULL,_binary '\0',_binary '\0','2025-10-06','Arroz',NULL,_binary '\0',NULL,NULL,2,1,NULL,1),(1079,'2024-07-02 18:09:50.000000',NULL,_binary '\0',_binary '','2024-07-20','Arroz',NULL,_binary '\0',NULL,NULL,5,1,NULL,1),(1080,'2024-03-12 21:42:32.000000',NULL,_binary '\0',_binary '\0','2024-04-02','Arroz',NULL,_binary '\0',NULL,NULL,1,1,NULL,1),(1081,'2024-07-11 11:57:47.000000',NULL,_binary '\0',_binary '','2024-07-30','Arroz',NULL,_binary '\0',NULL,NULL,3,1,NULL,1),(1082,'2027-02-18 20:21:46.000000',NULL,_binary '',_binary '','2027-03-16','Arroz',NULL,_binary '\0',NULL,NULL,5,1,NULL,1),(1083,'2027-03-12 22:06:44.000000',NULL,_binary '\0',_binary '\0','2027-04-05','Arroz',NULL,_binary '\0',NULL,NULL,1,1,NULL,1),(1084,'2025-06-02 07:36:29.000000',NULL,_binary '',_binary '','2025-06-22','Arroz',NULL,_binary '\0',NULL,NULL,4,1,NULL,1),(1085,'2026-02-23 02:38:58.000000',NULL,_binary '',_binary '\0','2026-02-24','Arroz',NULL,_binary '\0',NULL,NULL,1,1,NULL,1),(1086,'2025-06-01 11:34:59.000000',NULL,_binary '\0',_binary '\0','2025-06-14','Arroz',NULL,_binary '\0',NULL,NULL,2,1,NULL,1),(1087,'2024-12-30 07:16:21.000000',NULL,_binary '',_binary '','2025-01-08','Arroz',NULL,_binary '\0',NULL,NULL,5,1,NULL,1),(1088,'2024-06-19 03:26:52.000000',NULL,_binary '\0',_binary '\0','2024-07-17','Arroz',NULL,_binary '\0',NULL,NULL,3,1,NULL,1),(1089,'2026-08-05 18:04:12.000000',NULL,_binary '',_binary '','2026-08-26','Arroz',NULL,_binary '\0',NULL,NULL,1,1,NULL,1),(1090,'2024-05-15 08:01:51.000000',NULL,_binary '\0',_binary '','2024-06-03','Arroz',NULL,_binary '\0',NULL,NULL,3,1,NULL,1),(1091,'2026-12-04 15:46:06.000000',NULL,_binary '\0',_binary '\0','2026-12-07','Arroz',NULL,_binary '\0',NULL,NULL,1,1,NULL,1),(1092,'2025-07-18 11:50:30.000000',NULL,_binary '\0',_binary '\0','2025-07-28','Arroz',NULL,_binary '\0',NULL,NULL,4,1,NULL,1),(1093,'2024-01-06 04:12:33.000000',NULL,_binary '',_binary '','2024-01-18','Arroz',NULL,_binary '',NULL,NULL,4,1,NULL,1),(1094,'2024-03-29 07:43:45.000000',NULL,_binary '\0',_binary '\0','2024-04-16','Arroz',NULL,_binary '\0',NULL,NULL,3,1,NULL,1),(1095,'2026-09-08 20:45:01.000000',NULL,_binary '\0',_binary '','2026-10-01','Arroz',NULL,_binary '\0',NULL,NULL,1,1,NULL,1),(1096,'2024-02-25 23:08:39.000000',NULL,_binary '',_binary '','2024-02-28','Arroz',NULL,_binary '',NULL,NULL,4,1,NULL,1),(1097,'2027-06-29 10:20:32.000000',NULL,_binary '',_binary '\0','2027-07-07','Arroz',NULL,_binary '\0',NULL,NULL,2,1,NULL,1),(1098,'2025-12-25 16:20:59.000000',NULL,_binary '',_binary '','2026-01-23','Arroz',NULL,_binary '\0',NULL,NULL,2,1,NULL,1),(1099,'2024-06-25 23:46:47.000000',NULL,_binary '',_binary '','2024-06-29','Arroz',NULL,_binary '',NULL,NULL,5,1,NULL,1),(1100,'2026-01-10 03:54:11.000000',NULL,_binary '\0',_binary '','2026-02-08','Arroz',NULL,_binary '\0',NULL,NULL,1,1,NULL,1),(1101,'2024-08-21 17:20:51.000000',NULL,_binary '\0',_binary '','2024-08-24','Arroz',NULL,_binary '\0',NULL,NULL,1,1,NULL,1),(1102,'2024-08-10 10:40:57.000000',NULL,_binary '',_binary '','2024-08-17','Arroz',NULL,_binary '',NULL,NULL,5,1,NULL,1),(1103,'2027-01-14 16:48:20.000000',NULL,_binary '\0',_binary '\0','2027-01-24','Arroz',NULL,_binary '\0',NULL,NULL,5,1,NULL,1),(1104,'2027-09-12 05:09:17.000000',NULL,_binary '\0',_binary '','2027-09-22','Arroz',NULL,_binary '\0',NULL,NULL,2,1,NULL,1),(1105,'2024-03-15 14:02:30.000000',NULL,_binary '',_binary '\0','2024-03-21','Arroz',NULL,_binary '',NULL,NULL,5,1,NULL,1),(1106,'2025-05-09 06:48:52.000000',NULL,_binary '\0',_binary '\0','2025-05-27','Arroz',NULL,_binary '\0',NULL,NULL,4,1,NULL,1),(1107,'2024-01-19 08:28:11.000000',NULL,_binary '',_binary '','2024-02-08','Arroz',NULL,_binary '',NULL,NULL,5,1,NULL,1),(1108,'2026-03-02 13:07:33.000000',NULL,_binary '\0',_binary '','2026-03-06','Arroz',NULL,_binary '\0',NULL,NULL,1,1,NULL,1),(1109,'2024-09-15 11:33:21.000000',NULL,_binary '',_binary '','2024-09-16','Arroz',NULL,_binary '',NULL,NULL,3,1,NULL,1),(1110,'2024-02-19 20:40:58.000000',NULL,_binary '\0',_binary '\0','2024-03-09','Arroz',NULL,_binary '\0',NULL,NULL,6,1,NULL,1),(1111,'2025-02-13 21:13:24.000000',NULL,_binary '',_binary '\0','2025-02-27','Arroz',NULL,_binary '\0',NULL,NULL,5,1,NULL,1),(1112,'2027-09-10 14:23:24.000000',NULL,_binary '\0',_binary '\0','2027-10-09','Arroz',NULL,_binary '\0',NULL,NULL,6,1,NULL,1),(1113,'2026-06-10 07:41:27.000000',NULL,_binary '',_binary '','2026-06-14','Arroz',NULL,_binary '\0',NULL,NULL,1,1,NULL,1),(1114,'2026-11-16 12:21:54.000000',NULL,_binary '\0',_binary '','2026-11-29','Arroz',NULL,_binary '\0',NULL,NULL,4,1,NULL,1),(1115,'2027-01-16 22:39:24.000000',NULL,_binary '\0',_binary '\0','2027-01-28','Arroz',NULL,_binary '\0',NULL,NULL,1,1,NULL,1),(1116,'2024-05-22 06:29:09.000000',NULL,_binary '\0',_binary '\0','2024-05-28','Arroz',NULL,_binary '\0',NULL,NULL,5,1,NULL,1),(1117,'2027-02-03 19:07:59.000000',NULL,_binary '',_binary '','2027-02-23','Arroz',NULL,_binary '\0',NULL,NULL,4,1,NULL,1),(1118,'2027-01-02 02:24:55.000000',NULL,_binary '\0',_binary '','2027-01-30','Arroz',NULL,_binary '\0',NULL,NULL,6,1,NULL,1),(1119,'2024-11-14 21:17:10.115184',NULL,_binary '',_binary '\0','2024-11-13','Arroz',NULL,_binary '',NULL,NULL,1,1,NULL,1),(1120,'2024-11-14 21:17:10.129550',NULL,_binary '',_binary '\0','2024-11-14','Arroz',NULL,_binary '',NULL,NULL,1,1,NULL,1),(1121,'2024-11-14 21:17:10.140140',NULL,_binary '',_binary '\0','2024-11-15','Arroz',NULL,_binary '',NULL,NULL,1,1,NULL,1),(1122,'2024-11-14 21:17:10.151361',NULL,_binary '',_binary '\0','2024-11-15','Arroz',NULL,_binary '',NULL,NULL,1,1,NULL,1),(1123,'2024-11-14 21:17:10.173347',NULL,_binary '',_binary '\0','2024-11-16','Arroz',NULL,_binary '',NULL,NULL,1,1,NULL,1),(1124,'2024-11-14 21:17:10.193454',NULL,_binary '',_binary '\0','2024-11-17','Arroz',NULL,_binary '',NULL,NULL,1,1,NULL,1),(1125,'2024-11-14 21:17:10.209694',NULL,_binary '',_binary '\0','2024-11-18','Arroz',NULL,_binary '',NULL,NULL,1,1,NULL,1),(1126,'2024-11-14 21:17:10.234203',NULL,_binary '',_binary '\0','2024-11-19','Arroz',NULL,_binary '',NULL,NULL,1,1,NULL,1),(1127,'2024-11-14 21:17:10.250580',NULL,_binary '',_binary '\0','2024-11-20','Arroz',NULL,_binary '',NULL,NULL,1,1,NULL,1),(1128,'2024-11-14 21:17:10.264375',NULL,_binary '',_binary '\0','2024-11-21','Arroz',NULL,_binary '\0',NULL,NULL,1,1,NULL,1),(1129,'2024-11-14 21:17:20.029922',NULL,_binary '',_binary '\0','2024-11-13','Arroz',NULL,_binary '',NULL,NULL,1,1,NULL,1),(1130,'2024-11-14 21:17:20.049126',NULL,_binary '',_binary '\0','2024-11-13','Arroz',NULL,_binary '',NULL,NULL,1,1,NULL,1),(1131,'2024-11-14 21:17:20.068687',NULL,_binary '',_binary '\0','2024-11-13','Arroz',NULL,_binary '',NULL,NULL,1,1,NULL,1),(1132,'2024-11-14 21:17:20.084946',NULL,_binary '',_binary '\0','2024-11-13','Arroz',NULL,_binary '',NULL,NULL,1,1,NULL,1),(1133,'2024-11-14 21:17:20.101330',NULL,_binary '',_binary '\0','2024-11-13','Arroz',NULL,_binary '',NULL,NULL,1,1,NULL,1),(1134,'2024-11-14 21:17:20.112143',NULL,_binary '',_binary '\0','2024-11-13','Arroz',NULL,_binary '',NULL,NULL,1,1,NULL,1);
/*!40000 ALTER TABLE `produto_unitario` ENABLE KEYS */;
UNLOCK TABLES;

--
-- Table structure for table `rota`
--

DROP TABLE IF EXISTS `rota`;
/*!40101 SET @saved_cs_client     = @@character_set_client */;
/*!50503 SET character_set_client = utf8mb4 */;
CREATE TABLE `rota` (
  `id` int NOT NULL AUTO_INCREMENT,
  `criado_em` datetime(6) DEFAULT NULL,
  `modificado_em` datetime(6) DEFAULT NULL,
  `data_historico` date DEFAULT NULL,
  `hora_fim` time(6) DEFAULT NULL,
  `hora_inicio` time(6) DEFAULT NULL,
  `km_rodados` int DEFAULT NULL,
  `nome` varchar(255) DEFAULT NULL,
  `qtd_colaboradores` int DEFAULT NULL,
  PRIMARY KEY (`id`)
) ENGINE=InnoDB DEFAULT CHARSET=utf8mb4 COLLATE=utf8mb4_0900_ai_ci;
/*!40101 SET character_set_client = @saved_cs_client */;

--
-- Dumping data for table `rota`
--

LOCK TABLES `rota` WRITE;
/*!40000 ALTER TABLE `rota` DISABLE KEYS */;
/*!40000 ALTER TABLE `rota` ENABLE KEYS */;
UNLOCK TABLES;

--
-- Table structure for table `tipo_campanha`
--

DROP TABLE IF EXISTS `tipo_campanha`;
/*!40101 SET @saved_cs_client     = @@character_set_client */;
/*!50503 SET character_set_client = utf8mb4 */;
CREATE TABLE `tipo_campanha` (
  `id_tipo_campanha` int NOT NULL AUTO_INCREMENT,
  `nome` varchar(255) DEFAULT NULL,
  PRIMARY KEY (`id_tipo_campanha`)
) ENGINE=InnoDB AUTO_INCREMENT=2 DEFAULT CHARSET=utf8mb4 COLLATE=utf8mb4_0900_ai_ci;
/*!40101 SET character_set_client = @saved_cs_client */;

--
-- Dumping data for table `tipo_campanha`
--

LOCK TABLES `tipo_campanha` WRITE;
/*!40000 ALTER TABLE `tipo_campanha` DISABLE KEYS */;
INSERT INTO `tipo_campanha` VALUES (1,'Arroz');
/*!40000 ALTER TABLE `tipo_campanha` ENABLE KEYS */;
UNLOCK TABLES;

--
-- Table structure for table `tipo_cesta`
--

DROP TABLE IF EXISTS `tipo_cesta`;
/*!40101 SET @saved_cs_client     = @@character_set_client */;
/*!50503 SET character_set_client = utf8mb4 */;
CREATE TABLE `tipo_cesta` (
  `id` int NOT NULL AUTO_INCREMENT,
  `criado_em` datetime(6) DEFAULT NULL,
  `modificado_em` datetime(6) DEFAULT NULL,
  `nome` varchar(255) DEFAULT NULL,
  PRIMARY KEY (`id`)
) ENGINE=InnoDB AUTO_INCREMENT=2 DEFAULT CHARSET=utf8mb4 COLLATE=utf8mb4_0900_ai_ci;
/*!40101 SET character_set_client = @saved_cs_client */;

--
-- Dumping data for table `tipo_cesta`
--

LOCK TABLES `tipo_cesta` WRITE;
/*!40000 ALTER TABLE `tipo_cesta` DISABLE KEYS */;
INSERT INTO `tipo_cesta` VALUES (1,'2024-11-14 00:15:38.810821',NULL,'Básica');
/*!40000 ALTER TABLE `tipo_cesta` ENABLE KEYS */;
UNLOCK TABLES;

--
-- Table structure for table `tipo_produto`
--

DROP TABLE IF EXISTS `tipo_produto`;
/*!40101 SET @saved_cs_client     = @@character_set_client */;
/*!50503 SET character_set_client = utf8mb4 */;
CREATE TABLE `tipo_produto` (
  `id` int NOT NULL AUTO_INCREMENT,
  `criado_em` datetime(6) DEFAULT NULL,
  `modificado_em` datetime(6) DEFAULT NULL,
  `nome` varchar(255) DEFAULT NULL,
  PRIMARY KEY (`id`)
) ENGINE=InnoDB AUTO_INCREMENT=2 DEFAULT CHARSET=utf8mb4 COLLATE=utf8mb4_0900_ai_ci;
/*!40101 SET character_set_client = @saved_cs_client */;

--
-- Dumping data for table `tipo_produto`
--

LOCK TABLES `tipo_produto` WRITE;
/*!40000 ALTER TABLE `tipo_produto` DISABLE KEYS */;
INSERT INTO `tipo_produto` VALUES (1,'2024-11-14 00:15:27.155644',NULL,'Alimento');
/*!40000 ALTER TABLE `tipo_produto` ENABLE KEYS */;
UNLOCK TABLES;

--
-- Table structure for table `unidade_medida`
--

DROP TABLE IF EXISTS `unidade_medida`;
/*!40101 SET @saved_cs_client     = @@character_set_client */;
/*!50503 SET character_set_client = utf8mb4 */;
CREATE TABLE `unidade_medida` (
  `id` int NOT NULL AUTO_INCREMENT,
  `criado_em` datetime(6) DEFAULT NULL,
  `modificado_em` datetime(6) DEFAULT NULL,
  `nome` varchar(255) DEFAULT NULL,
  `representacao` varchar(255) DEFAULT NULL,
  PRIMARY KEY (`id`)
) ENGINE=InnoDB AUTO_INCREMENT=2 DEFAULT CHARSET=utf8mb4 COLLATE=utf8mb4_0900_ai_ci;
/*!40101 SET character_set_client = @saved_cs_client */;

--
-- Dumping data for table `unidade_medida`
--

LOCK TABLES `unidade_medida` WRITE;
/*!40000 ALTER TABLE `unidade_medida` DISABLE KEYS */;
INSERT INTO `unidade_medida` VALUES (1,'2024-11-14 00:15:13.523449',NULL,'Quilo','KG');
/*!40000 ALTER TABLE `unidade_medida` ENABLE KEYS */;
UNLOCK TABLES;

--
-- Table structure for table `usuario`
--

DROP TABLE IF EXISTS `usuario`;
/*!40101 SET @saved_cs_client     = @@character_set_client */;
/*!50503 SET character_set_client = utf8mb4 */;
CREATE TABLE `usuario` (
  `id` int NOT NULL AUTO_INCREMENT,
  `criado_em` datetime(6) DEFAULT NULL,
  `modificado_em` datetime(6) DEFAULT NULL,
  `email` varchar(255) NOT NULL,
  `nome` varchar(255) NOT NULL,
  `senha` varchar(255) NOT NULL,
  `tipo_usuario` int NOT NULL,
  PRIMARY KEY (`id`)
) ENGINE=InnoDB AUTO_INCREMENT=2 DEFAULT CHARSET=utf8mb4 COLLATE=utf8mb4_0900_ai_ci;
/*!40101 SET character_set_client = @saved_cs_client */;

--
-- Dumping data for table `usuario`
--

LOCK TABLES `usuario` WRITE;
/*!40000 ALTER TABLE `usuario` DISABLE KEYS */;
INSERT INTO `usuario` VALUES (1,'2024-11-14 21:06:16.541118',NULL,'bruna@gmail.com','bruna','$2a$10$FjI76ajSZwt9bv/nCTbJ5OToeFpu7e8uiwwwg0BRdqwgcxcmNZmSW',1);
/*!40000 ALTER TABLE `usuario` ENABLE KEYS */;
UNLOCK TABLES;

--
-- Temporary view structure for view `v_produto_unitario_qtd_ativo_por_mes`
--

DROP TABLE IF EXISTS `v_produto_unitario_qtd_ativo_por_mes`;
/*!50001 DROP VIEW IF EXISTS `v_produto_unitario_qtd_ativo_por_mes`*/;
SET @saved_cs_client     = @@character_set_client;
/*!50503 SET character_set_client = utf8mb4 */;
/*!50001 CREATE VIEW `v_produto_unitario_qtd_ativo_por_mes` AS SELECT 
 1 AS `criado_em`,
 1 AS `qtd`,
 1 AS `produto_id`*/;
SET character_set_client = @saved_cs_client;

--
-- Temporary view structure for view `v_produto_unitario_qtd_vencido_por_mes`
--

DROP TABLE IF EXISTS `v_produto_unitario_qtd_vencido_por_mes`;
/*!50001 DROP VIEW IF EXISTS `v_produto_unitario_qtd_vencido_por_mes`*/;
SET @saved_cs_client     = @@character_set_client;
/*!50503 SET character_set_client = utf8mb4 */;
/*!50001 CREATE VIEW `v_produto_unitario_qtd_vencido_por_mes` AS SELECT 
 1 AS `data_validade`,
 1 AS `qtd`,
 1 AS `produto_id`*/;
SET character_set_client = @saved_cs_client;

--
-- Temporary view structure for view `v_produto_unitario_vencido_arrecadado`
--

DROP TABLE IF EXISTS `v_produto_unitario_vencido_arrecadado`;
/*!50001 DROP VIEW IF EXISTS `v_produto_unitario_vencido_arrecadado`*/;
SET @saved_cs_client     = @@character_set_client;
/*!50503 SET character_set_client = utf8mb4 */;
/*!50001 CREATE VIEW `v_produto_unitario_vencido_arrecadado` AS SELECT 
 1 AS `nome`,
 1 AS `arrecadado`,
 1 AS `vencido`*/;
SET character_set_client = @saved_cs_client;

--
-- Temporary view structure for view `v_produto_unitario_vencimento_15_e_30_dias`
--

DROP TABLE IF EXISTS `v_produto_unitario_vencimento_15_e_30_dias`;
/*!50001 DROP VIEW IF EXISTS `v_produto_unitario_vencimento_15_e_30_dias`*/;
SET @saved_cs_client     = @@character_set_client;
/*!50503 SET character_set_client = utf8mb4 */;
/*!50001 CREATE VIEW `v_produto_unitario_vencimento_15_e_30_dias` AS SELECT 
 1 AS `vencimento15`,
 1 AS `vencimento30`*/;
SET character_set_client = @saved_cs_client;

--
-- Temporary view structure for view `v_produtos_conforme_nao_conforme_campanhas`
--

DROP TABLE IF EXISTS `v_produtos_conforme_nao_conforme_campanhas`;
/*!50001 DROP VIEW IF EXISTS `v_produtos_conforme_nao_conforme_campanhas`*/;
SET @saved_cs_client     = @@character_set_client;
/*!50503 SET character_set_client = utf8mb4 */;
/*!50001 CREATE VIEW `v_produtos_conforme_nao_conforme_campanhas` AS SELECT 
 1 AS `nome`,
 1 AS `conforme`,
 1 AS `nao_conforme`*/;
SET character_set_client = @saved_cs_client;

--
-- Temporary view structure for view `v_qtd_discrepancia_condominios`
--

DROP TABLE IF EXISTS `v_qtd_discrepancia_condominios`;
/*!50001 DROP VIEW IF EXISTS `v_qtd_discrepancia_condominios`*/;
SET @saved_cs_client     = @@character_set_client;
/*!50503 SET character_set_client = utf8mb4 */;
/*!50001 CREATE VIEW `v_qtd_discrepancia_condominios` AS SELECT 
 1 AS `nome_condominio`,
 1 AS `nome_produto`,
 1 AS `qtd_conforme`,
 1 AS `qtd_nao_conforme`,
 1 AS `discrepancia`*/;
SET character_set_client = @saved_cs_client;

--
-- Temporary view structure for view `v_qtd_doacoes_por_campanha`
--

DROP TABLE IF EXISTS `v_qtd_doacoes_por_campanha`;
/*!50001 DROP VIEW IF EXISTS `v_qtd_doacoes_por_campanha`*/;
SET @saved_cs_client     = @@character_set_client;
/*!50503 SET character_set_client = utf8mb4 */;
/*!50001 CREATE VIEW `v_qtd_doacoes_por_campanha` AS SELECT 
 1 AS `qtd_arrecadada`,
 1 AS `nome`,
 1 AS `mes`,
 1 AS `ano`*/;
SET character_set_client = @saved_cs_client;

--
-- Temporary view structure for view `v_qtd_produto_por_campanha`
--

DROP TABLE IF EXISTS `v_qtd_produto_por_campanha`;
/*!50001 DROP VIEW IF EXISTS `v_qtd_produto_por_campanha`*/;
SET @saved_cs_client     = @@character_set_client;
/*!50503 SET character_set_client = utf8mb4 */;
/*!50001 CREATE VIEW `v_qtd_produto_por_campanha` AS SELECT 
 1 AS `campanha_id`,
 1 AS `nome`,
 1 AS `produto_id`,
 1 AS `qtd_produtos`*/;
SET character_set_client = @saved_cs_client;

--
-- Temporary view structure for view `v_qtd_produto_por_condominio`
--

DROP TABLE IF EXISTS `v_qtd_produto_por_condominio`;
/*!50001 DROP VIEW IF EXISTS `v_qtd_produto_por_condominio`*/;
SET @saved_cs_client     = @@character_set_client;
/*!50503 SET character_set_client = utf8mb4 */;
/*!50001 CREATE VIEW `v_qtd_produto_por_condominio` AS SELECT 
 1 AS `condominio_id`,
 1 AS `nome`,
 1 AS `produto_id`,
 1 AS `qtd_produtos`*/;
SET character_set_client = @saved_cs_client;

--
-- Temporary view structure for view `v_qtd_produtos_n_conforme_por_condominio`
--

DROP TABLE IF EXISTS `v_qtd_produtos_n_conforme_por_condominio`;
/*!50001 DROP VIEW IF EXISTS `v_qtd_produtos_n_conforme_por_condominio`*/;
SET @saved_cs_client     = @@character_set_client;
/*!50503 SET character_set_client = utf8mb4 */;
/*!50001 CREATE VIEW `v_qtd_produtos_n_conforme_por_condominio` AS SELECT 
 1 AS `condominio_id`,
 1 AS `nome_condominio`,
 1 AS `qtd_produtos`*/;
SET character_set_client = @saved_cs_client;

--
-- Temporary view structure for view `v_qtd_produtos_por_nome_condominio`
--

DROP TABLE IF EXISTS `v_qtd_produtos_por_nome_condominio`;
/*!50001 DROP VIEW IF EXISTS `v_qtd_produtos_por_nome_condominio`*/;
SET @saved_cs_client     = @@character_set_client;
/*!50503 SET character_set_client = utf8mb4 */;
/*!50001 CREATE VIEW `v_qtd_produtos_por_nome_condominio` AS SELECT 
 1 AS `nome_condominio`,
 1 AS `mes`,
 1 AS `count`*/;
SET character_set_client = @saved_cs_client;

--
-- Temporary view structure for view `v_qtd_produtos_vencidos_por_campanha`
--

DROP TABLE IF EXISTS `v_qtd_produtos_vencidos_por_campanha`;
/*!50001 DROP VIEW IF EXISTS `v_qtd_produtos_vencidos_por_campanha`*/;
SET @saved_cs_client     = @@character_set_client;
/*!50503 SET character_set_client = utf8mb4 */;
/*!50001 CREATE VIEW `v_qtd_produtos_vencidos_por_campanha` AS SELECT 
 1 AS `campanha_id`,
 1 AS `nome`,
 1 AS `produto_id`,
 1 AS `qtd_produtos_vencidos`*/;
SET character_set_client = @saved_cs_client;

--
-- Temporary view structure for view `v_qtd_produtos_vencidos_por_condominio`
--

DROP TABLE IF EXISTS `v_qtd_produtos_vencidos_por_condominio`;
/*!50001 DROP VIEW IF EXISTS `v_qtd_produtos_vencidos_por_condominio`*/;
SET @saved_cs_client     = @@character_set_client;
/*!50503 SET character_set_client = utf8mb4 */;
/*!50001 CREATE VIEW `v_qtd_produtos_vencidos_por_condominio` AS SELECT 
 1 AS `condominio_id`,
 1 AS `nome_condominio`,
 1 AS `qtd_vencidos`*/;
SET character_set_client = @saved_cs_client;

--
-- Temporary view structure for view `v_qtd_total_alimentos_arrecadados_por_mes`
--

DROP TABLE IF EXISTS `v_qtd_total_alimentos_arrecadados_por_mes`;
/*!50001 DROP VIEW IF EXISTS `v_qtd_total_alimentos_arrecadados_por_mes`*/;
SET @saved_cs_client     = @@character_set_client;
/*!50503 SET character_set_client = utf8mb4 */;
/*!50001 CREATE VIEW `v_qtd_total_alimentos_arrecadados_por_mes` AS SELECT 
 1 AS `qtd_arrecadada`,
 1 AS `mes`,
 1 AS `ano`*/;
SET character_set_client = @saved_cs_client;

--
-- Temporary view structure for view `v_total_produtos_arrecadados_por_mes`
--

DROP TABLE IF EXISTS `v_total_produtos_arrecadados_por_mes`;
/*!50001 DROP VIEW IF EXISTS `v_total_produtos_arrecadados_por_mes`*/;
SET @saved_cs_client     = @@character_set_client;
/*!50503 SET character_set_client = utf8mb4 */;
/*!50001 CREATE VIEW `v_total_produtos_arrecadados_por_mes` AS SELECT 
 1 AS `mes`,
 1 AS `count`*/;
SET character_set_client = @saved_cs_client;

--
-- Temporary view structure for view `v_total_produtos_arrecadados_por_mes_condominio`
--

DROP TABLE IF EXISTS `v_total_produtos_arrecadados_por_mes_condominio`;
/*!50001 DROP VIEW IF EXISTS `v_total_produtos_arrecadados_por_mes_condominio`*/;
SET @saved_cs_client     = @@character_set_client;
/*!50503 SET character_set_client = utf8mb4 */;
/*!50001 CREATE VIEW `v_total_produtos_arrecadados_por_mes_condominio` AS SELECT 
 1 AS `condominio_id`,
 1 AS `mes`,
 1 AS `count`*/;
SET character_set_client = @saved_cs_client;

--
-- Final view structure for view `v_produto_unitario_qtd_ativo_por_mes`
--

/*!50001 DROP VIEW IF EXISTS `v_produto_unitario_qtd_ativo_por_mes`*/;
/*!50001 SET @saved_cs_client          = @@character_set_client */;
/*!50001 SET @saved_cs_results         = @@character_set_results */;
/*!50001 SET @saved_col_connection     = @@collation_connection */;
/*!50001 SET character_set_client      = utf8mb4 */;
/*!50001 SET character_set_results     = utf8mb4 */;
/*!50001 SET collation_connection      = utf8mb4_0900_ai_ci */;
/*!50001 CREATE ALGORITHM=UNDEFINED */
/*!50013 DEFINER=`root`@`%` SQL SECURITY DEFINER */
/*!50001 VIEW `v_produto_unitario_qtd_ativo_por_mes` AS select cast(`pu`.`criado_em` as date) AS `criado_em`,count(0) AS `qtd`,`pu`.`produto_id` AS `produto_id` from `produto_unitario` `pu` group by cast(`pu`.`criado_em` as date),`pu`.`produto_id` order by cast(`pu`.`criado_em` as date) */;
/*!50001 SET character_set_client      = @saved_cs_client */;
/*!50001 SET character_set_results     = @saved_cs_results */;
/*!50001 SET collation_connection      = @saved_col_connection */;

--
-- Final view structure for view `v_produto_unitario_qtd_vencido_por_mes`
--

/*!50001 DROP VIEW IF EXISTS `v_produto_unitario_qtd_vencido_por_mes`*/;
/*!50001 SET @saved_cs_client          = @@character_set_client */;
/*!50001 SET @saved_cs_results         = @@character_set_results */;
/*!50001 SET @saved_col_connection     = @@collation_connection */;
/*!50001 SET character_set_client      = utf8mb4 */;
/*!50001 SET character_set_results     = utf8mb4 */;
/*!50001 SET collation_connection      = utf8mb4_0900_ai_ci */;
/*!50001 CREATE ALGORITHM=UNDEFINED */
/*!50013 DEFINER=`root`@`%` SQL SECURITY DEFINER */
/*!50001 VIEW `v_produto_unitario_qtd_vencido_por_mes` AS select cast(`pu`.`data_validade` as date) AS `data_validade`,count(0) AS `qtd`,`pu`.`produto_id` AS `produto_id` from `produto_unitario` `pu` where (`pu`.`vencido` = 1) group by cast(`pu`.`data_validade` as date),`pu`.`produto_id` order by 'data_validade' */;
/*!50001 SET character_set_client      = @saved_cs_client */;
/*!50001 SET character_set_results     = @saved_cs_results */;
/*!50001 SET collation_connection      = @saved_col_connection */;

--
-- Final view structure for view `v_produto_unitario_vencido_arrecadado`
--

/*!50001 DROP VIEW IF EXISTS `v_produto_unitario_vencido_arrecadado`*/;
/*!50001 SET @saved_cs_client          = @@character_set_client */;
/*!50001 SET @saved_cs_results         = @@character_set_results */;
/*!50001 SET @saved_col_connection     = @@collation_connection */;
/*!50001 SET character_set_client      = utf8mb4 */;
/*!50001 SET character_set_results     = utf8mb4 */;
/*!50001 SET collation_connection      = utf8mb4_0900_ai_ci */;
/*!50001 CREATE ALGORITHM=UNDEFINED */
/*!50013 DEFINER=`root`@`%` SQL SECURITY DEFINER */
/*!50001 VIEW `v_produto_unitario_vencido_arrecadado` AS select `p`.`nome` AS `nome`,sum((case when (`pu`.`vencido` = false) then 1 else 0 end)) AS `arrecadado`,sum((case when (`pu`.`vencido` = true) then 1 else 0 end)) AS `vencido` from (`produto_unitario` `pu` join `produto` `p` on((`pu`.`produto_id` = `p`.`id`))) group by `p`.`id` */;
/*!50001 SET character_set_client      = @saved_cs_client */;
/*!50001 SET character_set_results     = @saved_cs_results */;
/*!50001 SET collation_connection      = @saved_col_connection */;

--
-- Final view structure for view `v_produto_unitario_vencimento_15_e_30_dias`
--

/*!50001 DROP VIEW IF EXISTS `v_produto_unitario_vencimento_15_e_30_dias`*/;
/*!50001 SET @saved_cs_client          = @@character_set_client */;
/*!50001 SET @saved_cs_results         = @@character_set_results */;
/*!50001 SET @saved_col_connection     = @@collation_connection */;
/*!50001 SET character_set_client      = utf8mb4 */;
/*!50001 SET character_set_results     = utf8mb4 */;
/*!50001 SET collation_connection      = utf8mb4_0900_ai_ci */;
/*!50001 CREATE ALGORITHM=UNDEFINED */
/*!50013 DEFINER=`root`@`%` SQL SECURITY DEFINER */
/*!50001 VIEW `v_produto_unitario_vencimento_15_e_30_dias` AS select (select count(0) from `produto_unitario` `pu` where (`pu`.`data_validade` between curdate() and (curdate() + interval 15 day))) AS `vencimento15`,(select count(0) from `produto_unitario` `pu` where (`pu`.`data_validade` > (curdate() + interval 16 day))) AS `vencimento30` */;
/*!50001 SET character_set_client      = @saved_cs_client */;
/*!50001 SET character_set_results     = @saved_cs_results */;
/*!50001 SET collation_connection      = @saved_col_connection */;

--
-- Final view structure for view `v_produtos_conforme_nao_conforme_campanhas`
--

/*!50001 DROP VIEW IF EXISTS `v_produtos_conforme_nao_conforme_campanhas`*/;
/*!50001 SET @saved_cs_client          = @@character_set_client */;
/*!50001 SET @saved_cs_results         = @@character_set_results */;
/*!50001 SET @saved_col_connection     = @@collation_connection */;
/*!50001 SET character_set_client      = utf8mb4 */;
/*!50001 SET character_set_results     = utf8mb4 */;
/*!50001 SET collation_connection      = utf8mb4_0900_ai_ci */;
/*!50001 CREATE ALGORITHM=UNDEFINED */
/*!50013 DEFINER=`root`@`%` SQL SECURITY DEFINER */
/*!50001 VIEW `v_produtos_conforme_nao_conforme_campanhas` AS select `c`.`local_campanha` AS `nome`,sum((case when (`pu`.`vencido` = false) then 1 else 0 end)) AS `conforme`,sum((case when (`pu`.`vencido` = true) then 1 else 0 end)) AS `nao_conforme` from (((`produto_unitario` `pu` join `produto` `p` on((`pu`.`produto_id` = `p`.`id`))) join `origem` `o` on((`pu`.`origem_id` = `o`.`id`))) join `campanha` `c` on((`o`.`campanha_id` = `c`.`id`))) group by `c`.`id` */;
/*!50001 SET character_set_client      = @saved_cs_client */;
/*!50001 SET character_set_results     = @saved_cs_results */;
/*!50001 SET collation_connection      = @saved_col_connection */;

--
-- Final view structure for view `v_qtd_discrepancia_condominios`
--

/*!50001 DROP VIEW IF EXISTS `v_qtd_discrepancia_condominios`*/;
/*!50001 SET @saved_cs_client          = @@character_set_client */;
/*!50001 SET @saved_cs_results         = @@character_set_results */;
/*!50001 SET @saved_col_connection     = @@collation_connection */;
/*!50001 SET character_set_client      = utf8mb4 */;
/*!50001 SET character_set_results     = utf8mb4 */;
/*!50001 SET collation_connection      = utf8mb4_0900_ai_ci */;
/*!50001 CREATE ALGORITHM=UNDEFINED */
/*!50013 DEFINER=`root`@`%` SQL SECURITY DEFINER */
/*!50001 VIEW `v_qtd_discrepancia_condominios` AS select `condominio`.`nome` AS `nome_condominio`,`produto_unitario`.`nome` AS `nome_produto`,count((case when (`produto_unitario`.`conforme` = 0) then 1 else NULL end)) AS `qtd_conforme`,count((case when (`produto_unitario`.`conforme` = 1) then 1 else NULL end)) AS `qtd_nao_conforme`,count((case when (`produto_unitario`.`conforme` = 0) then 1 else NULL end)) AS `discrepancia` from ((`produto_unitario` join `origem` on((`origem`.`id` = `produto_unitario`.`origem_id`))) join `condominio` on((`condominio`.`id` = `origem`.`condominio_id`))) group by `condominio`.`id`,`produto_unitario`.`nome` order by `discrepancia` desc limit 4 */;
/*!50001 SET character_set_client      = @saved_cs_client */;
/*!50001 SET character_set_results     = @saved_cs_results */;
/*!50001 SET collation_connection      = @saved_col_connection */;

--
-- Final view structure for view `v_qtd_doacoes_por_campanha`
--

/*!50001 DROP VIEW IF EXISTS `v_qtd_doacoes_por_campanha`*/;
/*!50001 SET @saved_cs_client          = @@character_set_client */;
/*!50001 SET @saved_cs_results         = @@character_set_results */;
/*!50001 SET @saved_col_connection     = @@collation_connection */;
/*!50001 SET character_set_client      = utf8mb4 */;
/*!50001 SET character_set_results     = utf8mb4 */;
/*!50001 SET collation_connection      = utf8mb4_0900_ai_ci */;
/*!50001 CREATE ALGORITHM=UNDEFINED */
/*!50013 DEFINER=`root`@`%` SQL SECURITY DEFINER */
/*!50001 VIEW `v_qtd_doacoes_por_campanha` AS select sum(`campanha`.`qtd_arrecadada`) AS `qtd_arrecadada`,`campanha`.`local_campanha` AS `nome`,month(`campanha`.`data_campanha`) AS `mes`,year(`campanha`.`data_campanha`) AS `ano` from `campanha` group by `campanha`.`local_campanha`,year(`campanha`.`data_campanha`),month(`campanha`.`data_campanha`) order by `nome`,`ano`,`mes` */;
/*!50001 SET character_set_client      = @saved_cs_client */;
/*!50001 SET character_set_results     = @saved_cs_results */;
/*!50001 SET collation_connection      = @saved_col_connection */;

--
-- Final view structure for view `v_qtd_produto_por_campanha`
--

/*!50001 DROP VIEW IF EXISTS `v_qtd_produto_por_campanha`*/;
/*!50001 SET @saved_cs_client          = @@character_set_client */;
/*!50001 SET @saved_cs_results         = @@character_set_results */;
/*!50001 SET @saved_col_connection     = @@collation_connection */;
/*!50001 SET character_set_client      = utf8mb4 */;
/*!50001 SET character_set_results     = utf8mb4 */;
/*!50001 SET collation_connection      = utf8mb4_0900_ai_ci */;
/*!50001 CREATE ALGORITHM=UNDEFINED */
/*!50013 DEFINER=`root`@`%` SQL SECURITY DEFINER */
/*!50001 VIEW `v_qtd_produto_por_campanha` AS select `campanha`.`id` AS `campanha_id`,`campanha`.`local_campanha` AS `nome`,`produto_unitario`.`produto_id` AS `produto_id`,count(`produto_unitario`.`id`) AS `qtd_produtos` from ((`produto_unitario` join `origem` on((`origem`.`id` = `produto_unitario`.`origem_id`))) join `campanha` on((`campanha`.`id` = `origem`.`campanha_id`))) group by `campanha`.`id`,`produto_unitario`.`produto_id` order by `campanha`.`local_campanha` */;
/*!50001 SET character_set_client      = @saved_cs_client */;
/*!50001 SET character_set_results     = @saved_cs_results */;
/*!50001 SET collation_connection      = @saved_col_connection */;

--
-- Final view structure for view `v_qtd_produto_por_condominio`
--

/*!50001 DROP VIEW IF EXISTS `v_qtd_produto_por_condominio`*/;
/*!50001 SET @saved_cs_client          = @@character_set_client */;
/*!50001 SET @saved_cs_results         = @@character_set_results */;
/*!50001 SET @saved_col_connection     = @@collation_connection */;
/*!50001 SET character_set_client      = utf8mb4 */;
/*!50001 SET character_set_results     = utf8mb4 */;
/*!50001 SET collation_connection      = utf8mb4_0900_ai_ci */;
/*!50001 CREATE ALGORITHM=UNDEFINED */
/*!50013 DEFINER=`root`@`%` SQL SECURITY DEFINER */
/*!50001 VIEW `v_qtd_produto_por_condominio` AS select `condominio`.`id` AS `condominio_id`,`condominio`.`nome` AS `nome`,`produto_unitario`.`produto_id` AS `produto_id`,count(`produto_unitario`.`id`) AS `qtd_produtos` from ((`produto_unitario` join `origem` on((`origem`.`id` = `produto_unitario`.`origem_id`))) join `condominio` on((`condominio`.`id` = `origem`.`condominio_id`))) group by `condominio`.`id`,`produto_unitario`.`produto_id` order by `condominio`.`nome` */;
/*!50001 SET character_set_client      = @saved_cs_client */;
/*!50001 SET character_set_results     = @saved_cs_results */;
/*!50001 SET collation_connection      = @saved_col_connection */;

--
-- Final view structure for view `v_qtd_produtos_n_conforme_por_condominio`
--

/*!50001 DROP VIEW IF EXISTS `v_qtd_produtos_n_conforme_por_condominio`*/;
/*!50001 SET @saved_cs_client          = @@character_set_client */;
/*!50001 SET @saved_cs_results         = @@character_set_results */;
/*!50001 SET @saved_col_connection     = @@collation_connection */;
/*!50001 SET character_set_client      = utf8mb4 */;
/*!50001 SET character_set_results     = utf8mb4 */;
/*!50001 SET collation_connection      = utf8mb4_0900_ai_ci */;
/*!50001 CREATE ALGORITHM=UNDEFINED */
/*!50013 DEFINER=`root`@`%` SQL SECURITY DEFINER */
/*!50001 VIEW `v_qtd_produtos_n_conforme_por_condominio` AS select `condominio`.`id` AS `condominio_id`,`condominio`.`nome` AS `nome_condominio`,count(`produto_unitario`.`conforme`) AS `qtd_produtos` from ((`produto_unitario` join `origem` on((`origem`.`id` = `produto_unitario`.`origem_id`))) join `condominio` on((`condominio`.`id` = `origem`.`condominio_id`))) where (`produto_unitario`.`conforme` = 1) group by `condominio`.`id` order by `condominio`.`nome` */;
/*!50001 SET character_set_client      = @saved_cs_client */;
/*!50001 SET character_set_results     = @saved_cs_results */;
/*!50001 SET collation_connection      = @saved_col_connection */;

--
-- Final view structure for view `v_qtd_produtos_por_nome_condominio`
--

/*!50001 DROP VIEW IF EXISTS `v_qtd_produtos_por_nome_condominio`*/;
/*!50001 SET @saved_cs_client          = @@character_set_client */;
/*!50001 SET @saved_cs_results         = @@character_set_results */;
/*!50001 SET @saved_col_connection     = @@collation_connection */;
/*!50001 SET character_set_client      = utf8mb4 */;
/*!50001 SET character_set_results     = utf8mb4 */;
/*!50001 SET collation_connection      = utf8mb4_0900_ai_ci */;
/*!50001 CREATE ALGORITHM=UNDEFINED */
/*!50013 DEFINER=`root`@`%` SQL SECURITY DEFINER */
/*!50001 VIEW `v_qtd_produtos_por_nome_condominio` AS select `condominio`.`nome` AS `nome_condominio`,date_format(`produto_unitario`.`criado_em`,'%Y-%m') AS `mes`,count(`produto_unitario`.`id`) AS `count` from ((`produto_unitario` join `origem` on((`origem`.`id` = `produto_unitario`.`origem_id`))) join `condominio` on((`condominio`.`id` = `origem`.`condominio_id`))) group by `condominio`.`nome`,date_format(`produto_unitario`.`criado_em`,'%Y-%m') order by `condominio`.`nome`,`mes` */;
/*!50001 SET character_set_client      = @saved_cs_client */;
/*!50001 SET character_set_results     = @saved_cs_results */;
/*!50001 SET collation_connection      = @saved_col_connection */;

--
-- Final view structure for view `v_qtd_produtos_vencidos_por_campanha`
--

/*!50001 DROP VIEW IF EXISTS `v_qtd_produtos_vencidos_por_campanha`*/;
/*!50001 SET @saved_cs_client          = @@character_set_client */;
/*!50001 SET @saved_cs_results         = @@character_set_results */;
/*!50001 SET @saved_col_connection     = @@collation_connection */;
/*!50001 SET character_set_client      = utf8mb4 */;
/*!50001 SET character_set_results     = utf8mb4 */;
/*!50001 SET collation_connection      = utf8mb4_0900_ai_ci */;
/*!50001 CREATE ALGORITHM=UNDEFINED */
/*!50013 DEFINER=`root`@`%` SQL SECURITY DEFINER */
/*!50001 VIEW `v_qtd_produtos_vencidos_por_campanha` AS select `campanha`.`id` AS `campanha_id`,(`campanha`.`local_campanha` + `produto_unitario`.`nome`) AS `nome`,`produto_unitario`.`produto_id` AS `produto_id`,count(`produto_unitario`.`id`) AS `qtd_produtos_vencidos` from ((`produto_unitario` join `origem` on((`origem`.`id` = `produto_unitario`.`origem_id`))) join `campanha` on((`campanha`.`id` = `origem`.`campanha_id`))) where (`produto_unitario`.`vencido` = true) group by `campanha`.`id`,`produto_unitario`.`produto_id` order by `campanha`.`id` */;
/*!50001 SET character_set_client      = @saved_cs_client */;
/*!50001 SET character_set_results     = @saved_cs_results */;
/*!50001 SET collation_connection      = @saved_col_connection */;

--
-- Final view structure for view `v_qtd_produtos_vencidos_por_condominio`
--

/*!50001 DROP VIEW IF EXISTS `v_qtd_produtos_vencidos_por_condominio`*/;
/*!50001 SET @saved_cs_client          = @@character_set_client */;
/*!50001 SET @saved_cs_results         = @@character_set_results */;
/*!50001 SET @saved_col_connection     = @@collation_connection */;
/*!50001 SET character_set_client      = utf8mb4 */;
/*!50001 SET character_set_results     = utf8mb4 */;
/*!50001 SET collation_connection      = utf8mb4_0900_ai_ci */;
/*!50001 CREATE ALGORITHM=UNDEFINED */
/*!50013 DEFINER=`root`@`%` SQL SECURITY DEFINER */
/*!50001 VIEW `v_qtd_produtos_vencidos_por_condominio` AS select `condominio`.`id` AS `condominio_id`,`condominio`.`nome` AS `nome_condominio`,count(`produto_unitario`.`id`) AS `qtd_vencidos` from ((`produto_unitario` join `origem` on((`origem`.`id` = `produto_unitario`.`origem_id`))) join `condominio` on((`condominio`.`id` = `origem`.`condominio_id`))) where (`produto_unitario`.`data_validade` < curdate()) group by `condominio`.`id` order by `condominio`.`id` */;
/*!50001 SET character_set_client      = @saved_cs_client */;
/*!50001 SET character_set_results     = @saved_cs_results */;
/*!50001 SET collation_connection      = @saved_col_connection */;

--
-- Final view structure for view `v_qtd_total_alimentos_arrecadados_por_mes`
--

/*!50001 DROP VIEW IF EXISTS `v_qtd_total_alimentos_arrecadados_por_mes`*/;
/*!50001 SET @saved_cs_client          = @@character_set_client */;
/*!50001 SET @saved_cs_results         = @@character_set_results */;
/*!50001 SET @saved_col_connection     = @@collation_connection */;
/*!50001 SET character_set_client      = utf8mb4 */;
/*!50001 SET character_set_results     = utf8mb4 */;
/*!50001 SET collation_connection      = utf8mb4_0900_ai_ci */;
/*!50001 CREATE ALGORITHM=UNDEFINED */
/*!50013 DEFINER=`root`@`%` SQL SECURITY DEFINER */
/*!50001 VIEW `v_qtd_total_alimentos_arrecadados_por_mes` AS select sum(`campanha`.`qtd_arrecadada`) AS `qtd_arrecadada`,month(`campanha`.`data_campanha`) AS `mes`,year(`campanha`.`data_campanha`) AS `ano` from `campanha` group by year(`campanha`.`data_campanha`),month(`campanha`.`data_campanha`) order by `mes` */;
/*!50001 SET character_set_client      = @saved_cs_client */;
/*!50001 SET character_set_results     = @saved_cs_results */;
/*!50001 SET collation_connection      = @saved_col_connection */;

--
-- Final view structure for view `v_total_produtos_arrecadados_por_mes`
--

/*!50001 DROP VIEW IF EXISTS `v_total_produtos_arrecadados_por_mes`*/;
/*!50001 SET @saved_cs_client          = @@character_set_client */;
/*!50001 SET @saved_cs_results         = @@character_set_results */;
/*!50001 SET @saved_col_connection     = @@collation_connection */;
/*!50001 SET character_set_client      = utf8mb4 */;
/*!50001 SET character_set_results     = utf8mb4 */;
/*!50001 SET collation_connection      = utf8mb4_0900_ai_ci */;
/*!50001 CREATE ALGORITHM=UNDEFINED */
/*!50013 DEFINER=`root`@`%` SQL SECURITY DEFINER */
/*!50001 VIEW `v_total_produtos_arrecadados_por_mes` AS select date_format(`produto_unitario`.`criado_em`,'%Y-%m') AS `mes`,count(`produto_unitario`.`id`) AS `count` from ((`produto_unitario` join `origem` on((`origem`.`id` = `produto_unitario`.`origem_id`))) join `condominio` on((`condominio`.`id` = `origem`.`condominio_id`))) group by date_format(`produto_unitario`.`criado_em`,'%Y-%m') order by `mes` */;
/*!50001 SET character_set_client      = @saved_cs_client */;
/*!50001 SET character_set_results     = @saved_cs_results */;
/*!50001 SET collation_connection      = @saved_col_connection */;

--
-- Final view structure for view `v_total_produtos_arrecadados_por_mes_condominio`
--

/*!50001 DROP VIEW IF EXISTS `v_total_produtos_arrecadados_por_mes_condominio`*/;
/*!50001 SET @saved_cs_client          = @@character_set_client */;
/*!50001 SET @saved_cs_results         = @@character_set_results */;
/*!50001 SET @saved_col_connection     = @@collation_connection */;
/*!50001 SET character_set_client      = utf8mb4 */;
/*!50001 SET character_set_results     = utf8mb4 */;
/*!50001 SET collation_connection      = utf8mb4_0900_ai_ci */;
/*!50001 CREATE ALGORITHM=UNDEFINED */
/*!50013 DEFINER=`root`@`%` SQL SECURITY DEFINER */
/*!50001 VIEW `v_total_produtos_arrecadados_por_mes_condominio` AS select `condominio`.`id` AS `condominio_id`,date_format(`produto_unitario`.`criado_em`,'%Y-%m') AS `mes`,count(`produto_unitario`.`id`) AS `count` from ((`produto_unitario` join `origem` on((`origem`.`id` = `produto_unitario`.`origem_id`))) join `condominio` on((`condominio`.`id` = `origem`.`condominio_id`))) where (date_format(`produto_unitario`.`criado_em`,'%Y-%m') = (select date_format(max(`produto_unitario`.`criado_em`),'%Y-%m') from `produto_unitario`)) group by date_format(`produto_unitario`.`criado_em`,'%Y-%m'),`condominio`.`id` order by `condominio`.`id` */;
/*!50001 SET character_set_client      = @saved_cs_client */;
/*!50001 SET character_set_results     = @saved_cs_results */;
/*!50001 SET collation_connection      = @saved_col_connection */;
/*!40103 SET TIME_ZONE=@OLD_TIME_ZONE */;

/*!40101 SET SQL_MODE=@OLD_SQL_MODE */;
/*!40014 SET FOREIGN_KEY_CHECKS=@OLD_FOREIGN_KEY_CHECKS */;
/*!40014 SET UNIQUE_CHECKS=@OLD_UNIQUE_CHECKS */;
/*!40101 SET CHARACTER_SET_CLIENT=@OLD_CHARACTER_SET_CLIENT */;
/*!40101 SET CHARACTER_SET_RESULTS=@OLD_CHARACTER_SET_RESULTS */;
/*!40101 SET COLLATION_CONNECTION=@OLD_COLLATION_CONNECTION */;
/*!40111 SET SQL_NOTES=@OLD_SQL_NOTES */;

-- Dump completed on 2024-11-21 23:09:08
